OTU_ID,Mr.N.s3.14,BS.VP.14,Cp.R.VP.14,Mr.R.s3.14,Sc.R.VP.14,Ja.R.s4.14,Sc.N.VP.14,Cp.E.VP.14,Sc.E.VP.14,BS.s3.14,Ja.N.s4.14,Mr.E.s3.14,Ja.E.s4.14,Cp.N.VP.14,Nl.R.15,Ss.E.15,Nl.N.15,Yr.B.15,Yr.R.15,Nl.E.15,Ss.R.15,At.R.15,Pg.R.15,Ss.N.15,Mr.N.15,Mr.R.15,Pg.N.15,Nl.B.15,Pg.E.15,Mr.E.15,At.N.15,Ja.R.15,Mr.B.15,Yr.E.15,At.B.15,At.E.15,Pg.B.15,Ja.B.15,Yr.N.15,Ss.B.15
OTU_420,36,0,0,1,0,0,1,0,5,0,50,23,0,0,0,0,1,6,7,110,22,1,2,67,21,4,2,4,3,0,8,0,10,17,169,0,2,4,23,1
OTU_233,103,6,1,552,30,0,3,0,1,4,0,0,1,0,2,0,0,6,35,0,0,0,0,0,36,11,0,3,0,0,0,1,3,0,5,0,0,8,0,1
OTU_82,6,1,2,1,1283,1,17,0,0,0,0,1,3,1,3,0,2,2,3,0,4,13,0,0,0,9,5,1,1,0,1,0,0,0,0,0,0,0,0,221
OTU_68,197,2769,4,38,4,13,770,0,6,6,3,7,4,8,1,0,22,10,3,0,1,6,7,156,0,0,250,0,0,1,903,10,0,0,1,1,42,4,0,22
OTU_96,0,0,2,1,1,1277,0,2,0,3,212,0,0,0,0,0,0,0,0,0,0,1,0,0,0,0,0,0,0,0,0,0,0,0,0,0,0,0,0,0
OTU_145,1,0,2,1,1,1447,0,1,0,1,105,0,0,0,0,0,0,0,0,0,0,0,0,0,0,0,0,0,0,0,0,0,0,0,0,0,0,0,0,0
OTU_194,19,44,1,18,114,162,1,0,0,2,74,0,1,150,8,0,6,9,6,2,0,0,142,0,0,0,495,8,0,1,0,7,0,0,1,0,14,7,0,0
OTU_121,19,10,570,46,25,16,5,1587,26,3,32,1,5,51,16,0,4,6,11,7,7,13,18,1,0,4,17,3,339,0,2,0,0,1,1,2,0,0,0,28
OTU_1,18,19,28,29,1352,18,104,33,51410,48,16,25,77,22,0,0,0,12,0,0,0,5,0,0,0,0,0,0,0,0,0,0,3,0,1,0,0,0,0,0
OTU_89,0,594,0,1,0,1,0,0,0,1,0,1,0,2,1,1,1,1,0,2,295,2,0,643,0,1,0,1,0,1,3,0,0,0,0,1,0,0,0,1446
OTU_24,20,16,27,18,26,32,31,23,41,51450,24,16,22,26,0,0,0,0,0,0,0,0,0,0,0,0,0,0,0,0,0,1,0,0,0,0,0,10,0,0
OTU_47,3,3,3,4,3,2883,6,4,5,12,3663,2,9,4,1,0,0,1,220,0,0,0,0,0,0,0,0,1,0,0,0,0,0,0,0,0,0,0,73,0
OTU_75,6,6,3,210,1,41,3,4,8,5,15,2750,10,1,0,0,0,0,15,0,0,0,0,0,0,9,0,0,0,0,1,0,0,0,0,0,1,0,0,0
OTU_98,183,187,1,237,357,226,261,1829,186,14,765,17,11,623,143,1,112,60,79,99,0,182,261,23,21,195,87,668,107,2,64,26,225,13,16,2,11,9,202,16
OTU_5,8,419,15,5,745,17,22888,4,329,31,7,9,25,36,0,0,0,0,0,0,0,76,0,0,0,0,1,0,0,0,712,1,44,0,0,0,0,0,0,0
OTU_215,1,1,1,0,0,174,0,0,0,0,125,0,0,4,0,0,1,0,1,0,0,0,3,0,2,4,1,1,0,0,0,0,5,0,0,0,0,0,1,0
OTU_1179,2,0,0,0,96,1,1184,1,46,1,3,4,0,0,0,0,0,0,0,0,0,0,0,0,0,0,0,5,0,0,0,0,0,0,0,0,0,0,0,5
OTU_403,6,108,51,6,42,0,25,5,1,0,0,0,1,445,2,0,0,0,4,0,3,4,11,0,0,0,10,6,0,0,3,0,0,0,0,0,3,0,0,0
OTU_30,1,2,3502,1,3,2,4,1,4,1,5,0,6,3,0,0,0,0,0,0,0,0,0,0,0,0,0,0,0,0,0,0,0,0,0,0,0,0,0,0
OTU_720,6,25,70,5,1376,11,153,5914,6939,19,5,6,29,300,0,0,0,0,0,0,0,0,0,0,0,0,0,0,0,9,0,0,0,0,0,0,0,20,0,0
OTU_20,295,0,1,86,0,683,1,0,0,0,497,0,3,1,8,2,2,6622,1198,3,3,1,2,2,2,1,1,22,1,4,0,1,1125,0,3,2,2,3,4446,2
OTU_13,46,109,8,39,21,75,7,7959,23,6,26,294,44,578,13,0,73,291,47,92,1546,747,95,131,5,111,150,151,1475,1,307,0,168,0,42,86,37,0,49,22
OTU_26,10,33,15,4,1855,5,168,7612,11412,30,16,5,19,326,0,0,0,0,2,0,8,0,0,0,0,0,0,0,0,0,0,0,0,1,0,0,0,0,0,1
OTU_175,0,0,673,0,3,0,3,5,0,2,1,2,2,426,2,0,0,0,0,0,1,0,118,0,0,0,83,1,5,1,0,0,0,0,0,0,6,0,0,0
OTU_33,2,5539,4,4,8,8,2,5,7,9,7,8,4,5,0,0,0,0,0,0,0,0,0,0,0,0,0,0,0,0,0,0,0,0,0,0,0,0,0,0
OTU_197,14,44,1,119,195,501,24,158,11,5,463,6,3,547,84,0,78,0,15,0,1,24,7,2,12,24,0,24,0,0,1,0,16,2,4,0,1,0,108,5
OTU_108,33,2,3,43,220,1,262,4,1352,16,11,719,7,1,0,0,0,50,0,0,0,0,0,0,85,20,0,0,0,0,0,0,16,0,0,0,2,0,0,0
OTU_50,123,69,3445,621,471,7,74,7,10,14,30,2,3,903,53,1,76,7,6,2,2,1372,1120,17,0,6,404,8,8,2,186,0,1,0,4,1,18,13,0,41
OTU_138,0,0,2,0,265,1,292,16,481,3,2,1,3,70,72,0,153,0,0,0,0,0,0,0,0,0,0,0,0,0,0,0,0,1,0,0,1,0,0,0
OTU_243,0,0,0,0,288,0,46,0,1,0,0,0,0,1,0,0,0,0,0,0,0,0,0,0,0,0,0,0,0,0,0,0,0,0,0,0,0,0,0,0
OTU_28,103,73,10,282,683,104,481,5290,4384,47,483,143,23,298,925,0,54,132,98,1149,1,70,4,0,71,390,2,463,1,1,13,639,49,1,11,0,8,21,19,0
OTU_10,47,44,501,115,8998,680,609,13,155,13,534,3,25,128,40,0,14,10,2,0,0,1029,43,11,6,52,40,22,0,0,175,0,0,0,1,2,2,9,0,125
OTU_246,184,0,0,76,2,0,0,0,1,2,0,350,0,0,2,0,579,13,55,0,1,9,14,1,0,2,2,17,1,0,236,0,0,0,8,1,67,10,4,0
OTU_35,63,10,6,32,43,3,48,23,5069,3,32,375,15,2,0,0,0,1,0,0,567,0,9,0,2,0,0,7,242,0,1,0,0,0,33,3,6,0,0,0
OTU_37,142,0,2,14,2,2,1,3,0,3649,1,2,2,0,2,0,0,2,1,0,1,0,3,3,0,2,0,0,2,0,0,2580,0,0,0,1,10,2,1,0
OTU_38,109,53,1690,825,66,925,54,5,4,200,848,4,9,93,44,1,83,80,593,3,1,300,735,418,94,3606,80,242,2,2,42,17,1410,0,143,3,15,223,67,4
OTU_32,4,2529,9,5,14,22,15,3068,9,21,14,4,11,8314,0,0,0,0,0,0,0,0,2,0,0,0,0,0,0,0,0,0,0,0,0,0,0,0,0,0
OTU_97,1,2,2,22,0,522,2,1,0,2,944,0,94,2,9,0,9,0,0,0,0,0,0,0,0,0,0,0,0,0,0,0,0,0,0,0,0,0,0,0
OTU_528,0,31,152,0,0,0,0,1,0,0,0,0,0,51,0,0,0,0,0,0,0,0,0,0,0,0,0,0,0,0,0,0,0,0,0,0,0,0,0,0
OTU_198,10,198,68,10,123,63,36,12,2,6,28,2,3,1358,2,0,0,0,10,0,1,259,18,12,0,7,3,5,0,0,12,0,3,0,1,2,5,0,9,2
OTU_70,213,36,5259,815,43,16,25,8,8,17,6,3,8,1038,515,1,362,85,390,5,6,748,1365,106,9,33,193,90,2,1,153,3,6,0,2,2,22,17,149,151
OTU_19,902,3,1,1974,1,3,1,2,0,2,2,1,3,0,1,1,0,13,2,4,2,1,5446,4,3,1,5331,1,17,1,0,2,4,1,0,1,834,1,2,19
OTU_45,167,15,1070,426,3267,370,255,9,16,122,178,1,12,435,33,0,21,42,128,0,1,326,235,21,6,103,288,7,18,29,38,151,20,0,12,2,17,232,41,17
OTU_287,20,2,2,69,267,69,20,0,0,3,117,1,1,4,29,1,72,33,165,0,0,67,65,0,1,11,2,16,0,0,5,0,0,0,2,0,1,19,21,0
OTU_44,27,826,994,286,264,1341,26,12,9,7,76,2,353,1776,248,0,10,0,0,0,0,2,287,17,1,1,23,11,0,0,1,0,0,0,2,1,2,3437,2,73
OTU_915,116,0,0,7,0,5,0,0,0,6,124,0,1,0,1,0,154,275,4,10,0,29,1,11,14,20,69,338,0,0,50,0,82,2,176,2,1,1,568,5
OTU_245,1,281,0,0,2,0,8,0,0,2,8,0,0,39,7,0,10,4,0,0,1,0,25,0,5,29,14,0,1,0,4,0,52,0,1,0,0,62,0,0
OTU_91,651,31,3,3872,61,4,61,3,2,9,3,3,6,12,50,0,50,0,67,0,0,235,65,0,2,29,7,38,0,0,26,1,0,0,12,2,0,46,15,4
OTU_230,1,1,0,5,124,0,452,0,12,1,1,0,0,7,0,0,0,2,3,0,0,0,0,0,196,62,0,42,2,0,0,0,54,0,1,0,1,0,0,0
OTU_48,4008,9,5,109,1,3,26,2,7,11,2,366,17,1,0,0,0,184,0,0,0,0,0,0,21,50,0,5,0,111,0,122,15,0,1,0,0,39,0,0
OTU_189,8,0,0,11,5,66,4,0,0,3,97,0,0,1,0,0,12,23,29,1,0,7,5,0,10,352,4,60,1,0,3,0,164,0,3,1,0,7,0,0
OTU_424,0,1,0,0,0,140,0,0,1,0,129,0,1,0,0,0,1,5,0,0,0,29,7,0,0,0,0,0,0,0,49,0,0,0,0,0,0,0,0,0
OTU_17,108,23,9,2468,10077,582,370,10,612,24,115,8,25,23,3,0,1,76,85,0,0,25,6,0,14,144,0,24,1,0,0,10,46,0,1,0,1,16,0,0
OTU_656,0,0,0,0,49,0,10,0,4,0,0,0,1,0,0,0,0,0,0,0,0,0,0,0,0,0,0,0,0,0,0,0,0,0,0,0,0,0,0,0
OTU_573,0,0,0,0,0,33,0,0,0,0,4,0,0,0,0,0,0,5,14,0,0,0,0,0,0,0,0,0,0,0,0,0,0,0,0,0,0,0,45,0
OTU_87,75,492,3561,159,16,26,16,5,13,14,19,3,7,2545,19,1,16,8,0,0,60,206,753,1285,3,5,879,8,2,0,27,0,3,0,66,1,39,53,0,376
OTU_56,3,1,1,42,3,1,1,1771,3,4,1,1950,6,29,0,0,0,0,0,0,0,0,0,0,0,0,0,0,0,0,0,0,0,0,0,0,0,0,0,0
OTU_183,63,0,86,71,5,38,4,1,174,7,29,529,167,0,2,0,17,414,7,1189,143,32,29,14,15,28,19,134,716,2,51,4,122,59,240,146,2,3,37,10
OTU_93,171,0,3,158,2,1,1,2,2,89,3,1624,3,3,0,0,0,0,0,0,1,0,0,0,0,0,0,0,0,361,0,131,0,0,0,1,0,11,0,0
OTU_448,0,9,200,4,107,1,37,0,0,1,12,0,0,218,1,0,0,0,0,0,0,30,0,0,0,0,0,0,0,0,0,0,0,0,0,0,0,0,0,4
OTU_317,3,0,119,0,15,256,3,0,1,0,27,0,1,71,0,0,1,11,3,0,0,7,0,0,0,34,0,35,0,0,0,0,5,0,0,0,1,0,0,0
OTU_78,1,50,63,1,103,3,34,2,0,3,1,0,1,920,8,0,0,3,2,1,11,5,28,1733,3,0,32,1,1,3,0,1,1,0,0,2,5,3,0,3134
OTU_772,2,0,0,0,0,0,1,0,0,15,37,0,0,8,0,0,4,2,1,0,0,3,0,0,4,41,0,16,0,0,1,0,0,0,3,0,0,0,0,0
OTU_25,29,117,113,7,796,8,498,14,4482,5,5,124,15,60,0,0,0,0,0,0,0,0,0,0,0,0,1,0,0,0,0,0,0,0,0,0,13,0,0,10
OTU_733,90,17,0,6,0,1,0,0,0,0,0,0,0,0,0,0,0,0,0,0,0,13,0,0,0,0,0,0,1,0,45,0,0,0,1,0,0,0,6,0
OTU_102,2,1,2,0,1,7,0,1376,2,2,1,1,4,3,0,0,0,0,0,0,0,0,0,0,0,0,0,0,319,0,0,0,0,0,0,0,0,0,0,0
OTU_55,20,5,3,22,272,2,2450,2,3,14,4,0,3,5,0,0,0,40,0,0,0,0,0,0,0,6,11,0,0,0,0,186,192,0,0,0,1,0,0,0
OTU_474,1,3,77,3,0,0,0,0,1,0,0,0,0,4,14,0,3,0,1,0,0,19,6,0,0,0,3,2,1,0,17,0,0,0,0,0,0,0,0,0
OTU_737,36,0,0,60,0,20,0,0,0,1,1,0,1,0,0,0,0,1,0,0,0,0,0,0,0,49,0,0,0,0,0,0,0,0,0,0,0,0,4,0
OTU_77,406,3062,74,38,124,3,371,7,5,6,4,1,3,10,1,1,2,1571,35,1,3,80,6,822,1,0,5,113,1,3,221,1,0,0,1,1,46,22,2,0
OTU_251,228,55,151,551,90,49,15,1,8,1,56,1,8,178,116,0,92,5,80,2,0,163,521,12,0,23,270,55,48,0,29,0,6,0,3,1,25,15,66,444
OTU_302,0,0,429,0,1,1,0,1,1,2,0,0,1,9,0,0,0,0,0,0,0,19,27,0,0,0,17,1,0,0,7,0,0,0,2,0,1,0,0,2
OTU_342,0,0,0,0,1,1,0,531,2,0,0,0,2,51,0,0,0,0,0,0,0,1,0,0,0,0,0,0,0,0,0,0,0,0,0,0,0,0,0,0
OTU_88,1,29,1,2,88,741,17,62,1,7,663,3,2,173,57,0,58,25,28,27,1,1,32,14,11,153,27,160,1,1,0,0,1249,4,3,0,66,35,0,1
OTU_128,416,120,1,7,3,1,1318,1,3,5,0,0,2,2,1,0,5,143,1,1,2,7,2,1,1,2,173,3,0,1,167,1,17,0,5,0,355,1,0,8
OTU_185,0,194,382,0,1,1,0,58,2,1,2,0,1,96,1,0,0,0,1,0,0,0,2,0,0,0,8,0,2,0,0,0,0,0,0,0,73,0,0,0
OTU_1170,0,0,0,0,4,24,1,0,0,0,0,0,0,0,0,0,0,0,0,0,0,0,0,0,0,0,0,0,0,0,0,0,0,0,0,0,0,0,0,0
OTU_276,21,41,48,111,82,49,3,0,3,1,19,0,1,171,0,0,2,2,5,0,2,1,20,2,0,2,34,4,0,0,0,9,0,0,0,0,3,288,0,21
OTU_467,0,0,0,0,0,0,0,1,0,0,32,0,145,0,0,0,0,0,0,0,0,0,0,0,0,0,0,0,0,0,0,0,0,0,0,0,0,0,0,0
OTU_130,182,7,31,7,10,0,30,2,1,15,5,22,0,33,5,0,122,283,7,4,17,14,46,204,237,118,259,1172,28,2,238,0,862,2,796,3,20,1,320,52
OTU_160,0,1,1,0,384,0,66,5,8,1,0,1,0,17,0,0,0,0,0,0,0,0,0,0,0,0,0,0,0,0,0,5,0,0,0,0,0,0,0,0
OTU_488,15,0,0,16,0,41,0,0,1,0,117,3,1,0,0,0,4,4,9,1,1,0,0,0,5,58,0,2,0,0,1,136,61,0,0,0,0,8,0,0
OTU_415,18,0,0,72,0,0,0,0,0,0,0,0,0,0,0,0,0,0,5,0,0,0,0,0,0,0,1,2,0,0,0,0,113,0,0,0,0,9,0,0
OTU_392,13,9,0,0,8,43,25,21,6,0,13,0,0,0,4,0,5,36,11,0,9,6,18,0,2,4,13,118,0,0,13,0,0,0,0,0,7,0,0,6
OTU_834,10,0,0,21,0,35,0,19,1,1,7,5,0,2,1,0,0,0,0,43,3,0,0,0,0,0,0,0,0,0,1,0,0,0,1,0,0,0,0,0
OTU_120,157,430,0,20,12,6,314,1,130,2,132,7,1,28,1,0,48,549,2,2,19,9,7,1,41,9,125,900,0,1,280,1,0,1,0,1,273,1,1,87
OTU_285,2,1,2,3,2,1,0,2,4,8,2,2390,4,0,0,0,0,0,0,0,0,0,0,0,0,0,0,0,0,9,0,0,0,0,0,0,0,0,0,0
OTU_779,26,4,0,2,35,45,4,0,1,0,0,0,0,0,1,0,1,0,9,0,0,3,0,0,0,4,0,2,0,0,0,9,0,0,3,0,0,0,0,0
OTU_156,216,42,446,828,1504,152,47,9,6,8,57,0,6,154,27,0,25,37,390,1,2,292,273,4,2,10,98,39,2,0,10,0,32,0,14,5,1,87,40,54
OTU_79,44,9,0,28,43,162,7,1,2,0,83,1,0,13,4,1,11,214,2741,3,2,4,1,7,13,227,5,15,2,1,0,3,13,0,0,0,1,2,362,68
OTU_208,0,847,2,1,763,1,71,6,3,3,0,2,3,157,0,0,0,2,4,0,0,0,0,0,0,2,0,1,0,0,0,0,4,0,0,0,0,8,0,0
OTU_442,14,0,94,230,0,0,0,0,0,0,0,1,1,0,6,0,1,0,0,0,0,0,0,0,0,0,0,2,0,0,0,0,0,0,0,0,0,11,0,0
OTU_299,0,47,74,0,4,3,2,4,2,0,1,0,0,476,0,0,3,0,0,0,0,0,11,17,0,0,23,0,0,0,0,0,0,0,0,0,4,0,0,0
OTU_412,206,0,0,0,0,0,0,0,0,2,0,39,1,0,0,0,0,0,0,0,0,0,0,0,0,0,0,0,0,0,1,0,0,0,0,0,0,0,0,0
OTU_967,0,0,0,3,0,0,0,0,0,0,0,0,0,0,0,0,0,2,0,0,0,0,0,0,0,26,0,0,0,0,0,0,0,0,0,0,0,0,0,0
OTU_162,143,964,62,192,824,82,762,15,21,8,86,6,11,2588,20,1,2,3,101,0,1,331,51,9,4,56,52,17,0,0,8,46,26,0,13,3,11,9,3,2
OTU_1226,0,8,0,0,0,0,0,0,0,0,0,0,0,8,0,0,0,0,0,0,0,0,0,0,0,6,0,0,0,0,0,0,0,0,0,0,0,0,0,0
OTU_945,2,0,0,20,0,0,0,1,0,0,0,0,0,1,0,0,0,3,0,0,0,0,29,0,0,0,14,0,0,0,0,0,0,0,0,0,0,0,0,0
OTU_511,134,1,2,290,0,8,1,2,0,1,225,0,1,3,2,0,0,21,2,0,0,4,0,0,1,6,0,1,0,100,3,0,0,0,0,0,0,5,0,0
OTU_610,0,0,0,0,0,0,0,4,1,0,0,0,1,133,0,0,0,0,0,0,0,0,0,0,0,0,0,0,0,0,0,0,0,0,0,0,0,0,0,0
OTU_1056,0,0,0,0,0,16,0,0,0,0,0,0,0,0,0,0,0,0,0,0,0,0,0,0,0,0,0,0,0,0,0,0,0,0,0,0,0,0,0,0
OTU_419,3,1,0,5,71,1,1,1,29,1,36,263,0,0,0,0,0,0,4,0,0,2,0,0,0,8,0,0,0,0,0,0,0,0,0,0,0,0,0,0
OTU_777,0,11,0,0,0,0,0,0,0,0,0,0,0,25,0,0,0,0,0,0,0,0,10,0,0,0,1,0,0,0,0,0,0,0,0,0,7,0,0,0
OTU_346,3,0,0,103,0,38,0,0,0,0,60,357,1,0,0,0,1,0,0,0,0,0,0,0,0,1,0,7,0,0,0,0,0,0,0,0,0,0,0,0
OTU_1097,16,1,0,8,6,0,0,0,0,0,0,0,0,0,0,0,2,0,0,0,0,0,0,0,0,0,0,0,0,0,0,15,0,0,0,0,0,2,0,0
OTU_667,9,1,0,16,19,0,4,0,0,0,31,0,2,0,0,0,0,0,0,0,0,0,0,0,0,0,0,0,0,6,0,0,0,0,0,0,0,12,0,0
OTU_405,0,0,200,0,1,0,0,0,0,1,1,0,0,0,0,0,0,0,0,0,0,0,9,0,0,0,0,0,0,0,0,0,0,0,0,0,0,0,0,0
OTU_383,1,1,193,0,0,0,0,0,1,0,0,0,0,0,0,0,0,0,0,0,0,2,1,0,0,0,0,0,0,0,0,0,0,0,0,0,0,0,0,0
OTU_178,263,1,0,131,17,22,4,0,36,26,76,809,183,0,4,0,11,287,36,159,30,9,14,4,83,68,68,162,258,4,6,13,227,5,167,46,1,9,82,3
OTU_1442,0,1,0,0,0,1,0,0,0,0,0,0,0,33,0,0,0,0,0,0,0,0,0,0,0,0,0,0,0,0,0,0,0,0,0,0,0,0,0,0
OTU_309,598,1,0,212,1,1,0,2,2,0,2,1,1,1,0,0,0,1,14,0,0,0,0,0,2,11,0,0,0,448,0,4,1,0,0,1,0,42,0,0
OTU_311,0,15,0,0,0,0,1,0,0,0,0,0,0,233,7,0,4,0,7,0,0,0,0,0,0,0,0,0,0,0,0,0,0,0,0,0,0,0,0,0
OTU_158,31,40,114,390,149,266,21,2,2,2,70,0,2,81,16,0,49,73,121,0,0,47,62,9,8,233,72,34,4,0,4,15,95,0,7,1,9,67,39,21
OTU_92,19,0,0,0,0,351,0,1,1,1,64,0,0,7,40,0,114,0,0,0,0,1,38,0,0,16,17,1216,1,0,0,0,0,0,0,0,2,0,0,0
OTU_203,9,0,1,60,0,0,0,0,3,42,0,577,1,1,0,0,0,0,0,0,0,0,2,0,0,0,2,0,0,6,0,0,36,0,0,0,0,2,0,0
OTU_140,1,0,1,1,5,0,9,2,868,1,1,0,4,1,0,0,0,0,0,0,0,0,0,0,0,0,0,0,0,0,0,0,0,1,0,0,0,0,0,0
OTU_257,2,0,0,230,1,0,0,0,1,1,0,0,0,0,0,0,0,1,0,0,0,0,0,0,0,0,0,0,0,0,0,0,0,0,0,0,0,2,0,0
OTU_114,0,1,3,2,3,0,0,834,1,2,0,0,0,5,0,0,0,10,5,0,0,0,0,0,0,0,0,2,0,0,0,0,0,0,0,20,0,0,0,0
OTU_1089,1,0,0,0,3,0,0,0,0,4,0,1,0,0,0,0,0,1,3,0,0,0,0,1,0,0,0,0,0,1,1,0,0,0,0,0,7,0,0,0
OTU_72,1,4,2249,2,1,1,3,0,5,3,3,0,2,7,0,0,0,0,0,0,2,0,16,194,1,0,417,1,0,0,0,0,0,0,0,0,434,0,0,0
OTU_65,253,1,0,149,3,131,0,1,2,2,66,0,2,8,803,0,1852,2,0,0,10,1,23,5,12,99,48,1017,2,1,0,3,0,0,1,0,2,5,0,126
OTU_628,3,0,0,57,0,0,0,0,0,0,0,0,0,0,0,0,0,0,0,0,0,0,0,0,0,0,0,0,0,0,0,0,0,0,0,0,0,0,0,0
OTU_141,153,1,2,666,54,2,14,0,2,2,0,0,1,5,9,0,5,33,2,0,0,32,0,2,2,19,7,5,0,0,1,0,0,0,6,0,0,46,0,5
OTU_1178,0,0,0,0,16,0,5,0,6,0,0,0,0,0,0,0,0,0,0,0,0,0,0,0,0,0,0,0,0,0,0,0,0,0,0,0,0,0,0,0
OTU_220,45,8,2,35,13,0,22,0,102,19,22,449,0,0,0,0,0,127,0,17,0,6,0,0,0,24,0,37,0,0,19,0,0,0,1,0,0,9,0,0
OTU_286,280,0,1,23,0,8,1,0,2,2,88,2,1,0,0,0,0,0,0,0,0,0,0,0,0,0,0,0,0,0,0,0,0,0,0,0,0,0,0,0
OTU_268,0,547,1,1,48,1,156,2,1,1,0,1,0,44,0,0,0,0,0,0,0,0,0,0,0,0,0,0,0,0,0,0,0,0,0,0,0,0,0,0
OTU_349,0,0,67,0,0,0,0,0,0,0,0,0,0,0,0,0,0,0,0,0,0,0,0,3,0,0,0,0,0,0,0,0,0,0,0,0,0,0,0,133
OTU_408,93,0,0,356,0,11,1,0,0,1,2,0,0,1,2,0,1,0,0,0,0,4,0,0,0,0,1,2,0,0,0,0,0,0,1,0,0,32,0,0
OTU_51,22,0,0,20,33,1,14,1,12,7,3,1874,4,0,1,0,0,73,0,0,0,0,0,0,0,0,0,2,0,8,0,22,0,0,0,0,0,8,0,3
OTU_262,4,128,81,10,2,30,16,0,1,0,1,0,2,334,7,0,2,0,17,0,2,0,56,8,0,0,70,2,0,0,0,0,0,0,0,0,1,0,0,11
OTU_122,651,201,84,322,121,28,18,4,7,1,5,1,5,710,48,1,41,19,618,7,0,15,607,6,2,29,718,820,0,0,4,0,0,0,1,1,31,113,225,29
OTU_228,0,5,803,1,0,1,0,2,1,2,1,0,4,3,0,0,0,0,0,0,0,0,19,2,0,0,13,0,0,0,0,0,0,0,2,0,0,1,0,2
OTU_255,0,0,0,0,381,0,49,1,9,0,0,1,1,9,0,0,0,2,0,0,0,0,0,0,0,0,0,0,0,0,0,0,0,0,0,0,0,0,0,0
OTU_210,68,0,0,56,1,17,0,1,0,2,76,170,10,0,1,1,11,34,4,6,108,11,1,39,32,68,49,352,301,0,34,0,81,1,169,7,2,1,0,26
OTU_168,673,0,1,12,0,8,2,0,0,1,1,0,0,1,0,0,0,0,0,0,0,0,0,0,0,0,0,0,0,0,1,0,0,0,0,0,0,0,0,0
OTU_441,2,0,0,70,14,0,2,0,0,1,9,0,0,0,1,0,0,0,0,0,0,0,0,0,0,0,0,0,0,1,0,0,0,0,0,0,0,0,0,0
OTU_165,59,84,0,177,14,22,2,1,0,1,2,0,2,18,108,0,427,0,3,1,1,10,127,5,1,0,209,62,0,0,1,0,8,0,0,0,2,1,0,16
OTU_665,0,0,0,3,1,0,0,0,0,44,0,0,0,0,0,0,0,0,0,0,0,0,0,0,0,0,0,0,0,0,0,0,0,0,0,0,0,0,0,0
OTU_153,1031,0,1,0,1,1,1,0,1,1,0,16,0,1,0,0,0,0,0,0,0,0,0,0,0,0,0,0,0,2,0,0,0,0,0,0,0,1,0,0
OTU_150,1,1,222,11,1035,5,197,2,3,6,0,0,1,78,0,0,1,0,6,0,0,15,1,5,0,0,11,0,1,0,2,0,0,0,0,0,0,5,0,9
OTU_115,247,0,2,518,1,10,0,1,0,1,0,0,0,3,0,0,0,1,0,1,0,0,1,0,0,0,1,0,2,1296,2,35,0,0,0,2,1,49,0,0
OTU_426,1,31,122,2,0,50,1,13,3,0,0,0,0,387,0,0,0,1,0,0,3,0,162,0,0,0,105,1,0,0,0,0,0,0,0,0,3,0,0,60
OTU_200,168,11,1,568,13,158,8,2,0,14,343,3,11,1,223,1,210,78,206,18,0,716,113,25,22,299,35,225,2,6,85,137,435,1,169,2,7,216,0,19
OTU_61,28,7,0,287,8,280,0,2,0,8,37,0,0,20,6,0,3,3,14,1,2,1,205,44,3,44,71,0,1,2,0,0,31,1,0,3,16,2028,0,266
OTU_683,0,0,0,0,0,34,0,0,0,0,0,0,0,3,0,0,0,0,0,0,0,0,4,0,0,0,0,0,0,0,0,0,0,0,0,0,0,0,0,0
OTU_232,0,42,507,0,22,66,14,2,2,0,164,1,3,119,96,0,104,0,15,2,0,36,252,9,1,11,46,6,4,2,1,0,18,0,13,0,5,0,0,6
OTU_400,1,38,0,0,1,9,5,0,0,1,55,0,0,45,2,0,0,0,1,0,0,1,103,1,0,0,7,2,2,0,1,0,0,0,1,0,0,38,0,0
OTU_136,0,23,1,0,2,0,1,1,0,0,1,346,0,1,0,0,0,0,0,1,0,0,0,0,0,0,2,0,0,741,0,0,0,0,0,0,0,0,0,0
OTU_850,0,0,0,0,0,6,0,0,0,0,9,0,0,0,0,0,0,0,0,0,0,0,0,0,0,0,0,0,0,0,0,0,0,0,0,0,0,0,0,0
OTU_658,0,0,36,0,0,0,0,0,0,0,0,0,0,2,0,0,0,0,0,0,0,8,20,0,0,0,7,0,0,0,1,0,0,0,0,0,0,0,0,0
OTU_497,0,0,0,0,1,0,0,0,0,0,0,0,0,34,0,0,1,0,0,0,0,0,25,3,0,0,7,0,0,0,0,0,0,0,0,0,1,0,0,0
OTU_356,53,6,1,72,309,44,122,0,0,2,170,2,2,59,8,0,29,0,5,0,0,13,0,9,0,0,4,3,1,0,1,0,18,0,4,0,0,11,0,23
OTU_86,407,14,104,237,0,0,0,0,1,0,0,1,1,1,1,0,0,1121,3,0,0,0,0,1,0,14,0,0,0,0,3,0,0,0,2,1,0,2,0,0
OTU_712,0,2,0,0,0,18,0,11,0,0,39,0,0,15,0,0,0,0,0,0,0,27,0,0,0,0,0,0,0,0,11,0,0,0,0,0,0,0,0,0
OTU_235,0,0,195,0,0,0,0,1,0,1,0,0,0,0,0,0,0,0,0,0,0,0,0,0,0,0,0,0,0,0,0,0,0,0,0,0,0,0,0,0
OTU_452,29,0,10,100,52,14,9,1,0,8,0,0,0,14,1,0,4,0,2,0,0,0,1,0,0,3,0,0,0,0,2,0,0,0,1,0,0,3,0,0
OTU_131,2,1,0,1,0,582,0,1,0,0,649,0,3,1,216,1,252,12,38,0,0,6,4,1,1,28,3,87,0,0,0,619,47,0,2,1,1,4,13,0
OTU_132,205,5,2,1591,5,86,2,0,3,3,2,0,1,3,54,0,39,7,25,0,0,0,0,1,0,1,0,3,0,0,7,0,0,0,1,0,0,222,0,0
OTU_495,38,0,0,59,0,0,0,0,0,0,0,0,0,1,0,0,0,1,0,0,0,0,0,0,0,0,0,0,0,0,0,0,0,0,0,0,0,3,0,0
OTU_951,0,0,0,0,0,44,0,0,0,0,0,0,0,0,0,0,2,0,0,0,0,0,0,0,0,0,0,0,0,0,0,0,0,0,0,0,0,0,0,0
OTU_242,0,52,0,0,1,0,0,13,0,2,0,1,1,272,0,1,0,0,2,0,0,0,0,0,0,0,0,1,0,0,0,0,0,0,1,0,0,0,19,0
OTU_332,1,0,37,0,0,0,0,0,0,0,0,0,0,0,0,0,0,0,0,0,241,0,0,3,0,0,0,0,0,0,0,0,0,0,0,0,0,0,0,3
OTU_290,1,12,0,0,3,0,1,1,0,0,1,0,1,212,2,0,2,0,0,0,0,0,0,0,0,0,0,12,0,0,0,0,0,0,0,0,0,0,0,0
OTU_192,0,0,286,0,0,0,0,0,0,1,0,0,1,2,0,0,0,0,0,0,0,2,11,0,0,8,2,1,0,0,0,0,0,0,0,0,0,0,0,0
OTU_154,0,0,0,3,0,0,0,0,0,0,0,38,0,0,0,0,0,0,0,0,0,0,0,0,0,0,0,0,1,482,0,2,0,0,0,0,0,1,0,0
OTU_113,14,127,840,6,736,5,64,5,1,8,1,0,3,189,0,0,0,0,13,0,0,111,42,1,0,1,6,0,0,0,17,7,0,1,8,0,3,53,0,0
OTU_340,0,0,1,0,1,197,0,0,0,1,137,0,2,0,0,0,0,0,0,0,0,0,0,0,0,0,0,0,0,0,0,0,0,0,0,0,0,0,0,0
OTU_1506,6,0,0,6,0,0,0,0,0,0,0,0,0,0,0,0,0,0,0,0,0,0,0,0,0,0,0,0,0,0,0,0,0,0,0,0,0,7,0,0
OTU_782,0,0,1,0,0,3,0,0,0,0,23,0,0,0,0,0,1,0,0,6,0,0,0,0,3,0,0,25,0,0,0,0,6,0,0,0,0,0,0,0
OTU_378,8,10,244,0,0,0,1,0,0,0,0,1,0,0,0,0,3,0,0,0,0,0,0,39,0,0,20,0,0,0,0,0,0,0,0,0,68,1,0,15
OTU_135,1162,64,4,751,8,0,1,1,1,5,0,0,2,6,11,0,13,15,49,1,0,19,6,0,1,27,0,28,0,1,15,54,0,0,9,0,2,58,0,0
OTU_394,0,0,44,96,0,75,0,0,0,0,12,0,0,36,48,0,20,7,92,0,0,4,41,0,5,102,20,19,12,1,0,0,22,0,1,0,3,4,52,0
OTU_214,6,0,1,15,21,0,104,0,1,0,0,0,0,2,2,0,0,2,2,0,1,2,145,57,25,0,234,9,1,0,5,2,124,0,119,1,3,0,269,1
OTU_223,0,0,303,0,0,0,2,1,1,0,0,0,0,0,0,0,0,2,0,0,0,6,0,0,0,0,0,0,0,0,5,0,0,0,1,0,0,0,0,0
OTU_152,30,0,0,33,22,0,16,0,0,1,0,1,0,0,0,0,2,0,0,0,0,0,0,0,0,0,0,0,1,458,0,1,0,0,0,0,0,19,0,0
OTU_273,0,0,201,0,0,0,0,0,0,0,0,0,1,0,0,0,0,0,0,0,0,0,0,0,0,0,0,0,0,0,0,0,0,0,0,0,0,0,0,0
OTU_625,0,0,0,0,0,0,0,39,0,0,54,0,1,19,0,0,10,0,0,0,0,0,0,0,0,6,0,28,0,0,0,0,0,0,0,0,0,0,0,0
OTU_620,0,24,0,0,1,0,0,0,0,0,0,0,0,25,0,0,0,0,0,0,0,0,0,0,0,0,0,0,0,0,0,0,0,0,0,0,0,0,0,0
OTU_370,233,68,23,24,25,0,88,103,449,1,8,38,1,3,2,0,0,26,4,14,113,3,15,10,8,9,59,53,73,2,14,5,5,0,149,1,23,1,1,23
OTU_369,0,0,1,1,0,483,1,2,0,1,248,0,0,1,152,0,68,0,843,7,1,20,18,0,11,73,18,95,2,0,2,1,0,0,0,0,1,1,112,0
OTU_501,4,0,1,16,0,0,0,0,0,0,0,279,0,0,0,0,0,0,0,0,0,0,0,0,0,0,0,0,0,3,0,0,0,0,0,0,0,0,0,0
OTU_186,3,979,1,0,2,1,32,1,1,1,1,1,0,4,0,0,0,0,0,0,1,0,3,0,0,1,373,0,0,0,0,0,0,0,0,0,9,0,0,0
OTU_955,1,0,0,0,0,48,0,0,0,0,0,0,0,0,0,0,0,4,14,0,0,4,0,0,0,6,0,0,0,0,0,0,0,0,0,0,0,0,0,0
OTU_137,0,0,134,10,50,0,3,0,1,0,0,0,0,0,2,0,7,1,3,0,0,4,161,0,0,0,10,0,1,0,2,0,0,0,1,0,6,967,0,0
OTU_213,0,12,0,0,1,0,1,391,0,0,0,0,1,7,0,0,0,0,0,0,0,0,0,0,0,0,0,0,0,0,0,0,0,0,0,0,0,0,0,0
OTU_313,50,9,103,39,55,106,86,27,8,51,81,3,2,100,8,0,4,1,10,0,9,18,6,2,0,30,2,0,0,13,17,18,0,8,0,0,3,7,0,3
OTU_139,0,0,0,0,23,0,0,0,0,0,0,0,0,0,253,0,213,1,0,7,0,3,2,1,0,0,0,683,0,0,1,1,0,0,0,0,2,2,0,0
OTU_308,188,9,1,2,0,1,1,1,0,1,0,0,1,0,0,0,0,0,0,0,0,0,0,0,3,86,0,9,0,0,0,4,59,0,0,0,0,0,0,0
OTU_472,0,89,0,0,49,1,21,0,0,1,15,0,0,30,2,0,4,1,0,0,0,0,0,0,0,18,3,0,0,0,0,0,0,0,0,0,0,0,0,0
OTU_722,13,0,0,24,1,36,0,0,0,0,0,0,1,0,0,0,0,0,7,0,0,0,0,0,0,9,0,0,0,0,0,0,0,0,0,0,0,0,0,0
OTU_344,25,50,0,68,5,161,0,0,1,1,175,1,1,20,9,0,6,33,45,0,0,29,0,0,0,0,0,1,0,0,6,1,15,0,1,0,1,0,12,0
OTU_815,8,0,1,10,2,16,0,0,0,0,10,0,0,0,3,0,2,1,0,0,0,1,0,0,0,10,0,7,0,5,0,2,0,0,0,0,0,0,0,0
OTU_1259,0,0,0,0,0,0,5,0,0,14,0,0,0,0,0,0,0,0,0,0,0,0,0,0,0,0,0,0,0,0,0,0,0,0,0,0,0,0,0,0
OTU_1034,0,0,34,0,0,0,0,0,0,0,0,0,0,0,0,0,0,0,0,0,0,0,0,0,0,0,0,0,0,0,0,0,0,0,0,0,0,0,0,0
OTU_260,25,0,1,275,82,0,9,1,0,1,6,0,0,3,0,0,0,0,0,0,0,0,0,0,0,0,0,0,0,1,0,0,0,0,0,0,0,3,0,0
OTU_1142,0,111,0,0,0,0,0,52,4,0,0,0,0,97,0,0,0,0,0,0,0,0,0,0,0,0,0,0,0,0,0,0,0,0,0,0,0,0,0,0
OTU_283,11,0,7,106,0,0,0,0,0,13,0,0,0,0,0,0,0,0,0,0,0,1,0,0,0,0,1,0,0,0,0,63,4,0,0,0,1,383,0,0
OTU_377,0,0,0,0,0,39,0,0,0,0,36,0,0,7,3,0,0,0,4,0,0,0,16,90,0,0,6,1,0,0,0,0,0,0,0,0,0,0,0,0
OTU_219,10,24,190,22,0,0,0,2,2,0,1,2,0,129,0,0,0,0,0,0,41,7,166,2,0,0,47,6,2,0,5,0,0,0,3,0,32,0,0,14
OTU_343,187,0,0,0,0,0,0,0,0,0,0,0,1,0,0,0,0,0,0,0,0,0,0,0,0,0,2,0,0,0,0,0,0,0,0,0,0,0,0,0
OTU_410,0,6,0,0,0,0,0,0,0,1,0,0,0,154,0,0,0,0,0,0,0,0,7,8,0,0,2,0,0,0,0,0,0,0,0,0,0,0,0,0
OTU_239,0,0,0,0,2,25,0,256,0,1,0,0,0,0,8,0,17,2,0,0,0,0,0,1,0,0,0,1,0,0,26,0,0,0,0,0,0,0,0,0
OTU_492,0,2,0,0,7,0,167,0,2,0,0,0,0,1,0,0,0,0,0,0,0,0,0,0,0,0,0,0,0,0,0,0,0,0,0,0,0,0,0,0
OTU_159,0,0,1,0,1,234,0,0,0,1,133,0,0,0,257,0,189,0,0,0,1,0,0,0,0,2,0,67,0,1,0,0,4,0,0,0,0,0,0,0
OTU_281,1,1,0,1,15,0,0,0,120,6,0,0,0,0,0,0,0,0,0,1,1,1,3,0,0,0,0,2,1101,11,0,23,0,4,0,1,0,0,2,0
OTU_326,0,2,0,0,105,0,24,0,0,0,0,0,0,0,0,0,0,0,0,0,0,0,0,0,0,0,0,0,0,0,0,0,0,0,0,0,0,0,0,0
OTU_784,8,0,0,18,2,0,1,0,0,6,0,0,0,0,1,0,0,2,0,0,0,0,0,0,1,25,0,0,0,0,0,1,0,0,0,0,0,48,0,0
OTU_818,0,0,59,1,0,0,0,0,0,0,0,0,0,0,0,0,0,0,0,0,0,0,0,0,0,0,0,0,0,0,0,0,0,0,0,0,0,0,0,0
OTU_271,0,0,1,0,0,0,160,0,0,1,0,0,0,0,0,0,0,0,0,0,0,0,0,0,0,0,0,0,1,0,0,0,0,0,0,0,0,0,0,0
OTU_11,5,47,1,78,7,1,2,150,39,1,21,116,0,8,14,1,29,15,18,11,11,74,50,8,13,3,6,190,17464,1,63,15,3,1,16,10,11,4,4,8
OTU_129,1,95,189,0,2,0,1,7,1,1,0,0,4,596,0,0,0,0,0,0,0,0,2,0,0,0,2,0,0,0,0,0,0,0,0,0,0,0,0,0
OTU_323,0,0,0,0,0,1,1,0,0,0,0,0,0,204,0,0,0,0,0,0,0,0,0,0,0,0,0,0,0,0,0,0,0,0,0,0,0,0,0,0
OTU_631,0,71,0,0,1,0,0,0,0,0,1,0,0,34,0,0,0,0,0,0,0,0,0,0,0,0,0,0,0,0,0,0,0,0,0,0,0,0,0,0
OTU_36,0,0,0,0,0,0,1,0,0,0,11,0,0,0,121,0,249,0,0,3,2,2826,229,102,1,1,0,20,1,1,1,0,1,0,0,1,1,0,0,18
OTU_509,34,0,0,146,0,0,0,0,0,0,0,0,1,0,2,0,0,46,16,0,0,5,5,0,0,0,0,0,0,0,0,0,0,0,2,0,0,9,0,0
OTU_265,0,0,218,0,12,0,2,41,0,2,0,0,0,97,0,0,0,17,0,0,0,0,0,0,0,0,0,0,0,0,1,0,0,0,0,0,0,0,0,0
OTU_18,0,0,0,0,0,173,0,0,1,0,101,0,0,0,9019,2,5893,5,345,6,5,5,37,1,1,2,3,45,3,3,0,1,21,1,1,6,3,3,37,2
OTU_940,0,8,0,0,4,0,0,5,0,0,0,0,0,9,0,0,4,0,0,0,11,1,17,0,0,0,3,0,0,0,2,0,0,0,0,0,4,0,0,2
OTU_364,24,0,0,0,0,0,0,0,2,0,0,0,0,27,15,0,13,7,197,1,0,47,44,0,1,0,16,14,0,0,4,0,0,0,1,0,2,0,12,24
OTU_1003,0,20,0,0,0,0,16,0,1,0,0,0,0,0,0,0,0,58,0,0,0,0,0,0,0,0,10,0,0,0,4,0,0,0,1,0,8,0,0,0
OTU_164,468,0,0,13,0,38,1,0,2,0,71,15,1,0,0,0,0,22,0,0,0,0,0,0,4,7,0,185,0,0,0,10,0,0,0,0,0,3,0,0
OTU_1168,1,0,0,0,0,10,0,0,0,1,4,0,0,0,0,0,0,0,21,0,3,0,0,14,0,0,0,0,0,0,0,0,0,0,0,0,0,0,5,10
OTU_103,91,0,0,7,0,5,0,0,0,0,0,0,1,0,1,0,0,0,1,1,2,11,172,2,1,1,1603,2,846,0,46,2,0,0,4,2,1030,2,7,0
OTU_1033,0,0,0,0,3,0,2,0,13,0,0,3,0,0,0,0,0,0,0,0,0,0,0,0,0,0,0,0,0,0,0,0,0,0,0,0,0,0,0,0
OTU_627,22,0,0,0,0,0,4,0,0,0,0,0,0,0,1,0,0,10,0,0,0,1,1,1,0,0,9,0,0,0,64,2,0,0,1,0,0,15,0,0
OTU_236,0,15,210,0,0,0,0,44,1,0,0,0,0,2,0,0,0,2,0,0,0,0,0,0,1,0,5,2,1613,0,0,0,0,0,1,0,0,0,0,0
OTU_636,4,94,0,0,5,51,3,0,0,1,59,0,0,11,6673,1,350,18,14,4,1,10,11,0,2,1,2,78,1,3,0,1,18,0,4,0,10,1,0,1
OTU_482,25,0,0,6,0,0,0,0,0,0,0,0,0,0,4,0,0,0,0,2,0,143,5,0,0,0,8,9,1,0,21,0,0,0,1,0,0,0,0,0
OTU_1408,5,0,0,20,0,212,0,0,0,0,21,0,0,0,3,2,5,4,4,1,0,14,0,318,7386,873,3,4,2,1,59,2,226,0,182,2,5,1,12,3
OTU_310,0,0,0,0,82,0,128,0,0,2,1,0,0,0,0,0,0,0,0,0,0,0,0,0,0,0,0,0,0,196,0,0,0,0,0,0,0,1,0,0
OTU_613,0,0,0,104,0,0,0,0,1,0,0,0,1,0,0,0,0,0,0,0,0,0,0,0,0,0,0,0,0,0,0,0,0,0,0,0,0,0,0,0
OTU_173,0,1,0,0,0,0,1,60,0,1,1,0,0,400,0,0,0,0,0,0,0,0,0,0,0,0,0,0,0,0,7,0,0,0,0,0,0,0,0,0
OTU_148,711,1,1,88,0,0,0,0,0,0,0,10,1,1,0,0,1,1192,21,3,0,5,1,0,1,2,1,0,0,0,20,0,0,0,32,0,0,0,220,1
OTU_354,0,1,1,1,29,1,0,1,319,0,1,2,0,0,2,0,0,0,0,25,0,0,0,0,0,0,0,0,0,0,0,0,0,2,1,0,0,0,0,0
OTU_874,7,15,0,53,9,63,3,1,0,0,14,0,1,68,1,0,1,0,0,0,0,0,240,0,2,0,61,0,0,0,0,0,0,0,0,0,15,14,1,3
OTU_254,167,0,0,178,0,0,0,0,0,4,0,0,0,0,0,0,0,2,0,0,1,0,0,0,0,0,0,0,0,0,0,350,0,0,0,0,0,0,0,0
OTU_583,7,0,0,0,0,40,0,0,0,0,11,0,0,0,0,0,0,1,0,0,0,0,0,0,0,0,0,0,0,0,0,0,0,0,0,0,0,0,0,0
OTU_718,13,0,0,5,0,1,0,0,0,0,5,42,16,0,0,0,0,5,1,1,0,1,0,0,0,4,1,0,0,1,0,0,0,0,1,0,1,2,0,0
OTU_1004,0,0,0,0,0,0,12,0,0,0,0,1,0,0,0,0,0,0,0,0,0,0,0,0,0,0,0,0,0,0,0,0,0,0,0,0,0,0,0,0
OTU_330,126,0,0,48,0,0,0,0,0,0,0,6,0,0,0,0,0,0,4,0,0,0,0,0,0,0,0,38,0,0,0,0,4,0,0,0,0,0,0,0
OTU_249,19,0,1,64,0,0,6,0,0,0,13,0,0,15,13,0,11,0,37,0,0,229,195,5,0,3,35,4,0,0,32,0,0,1,3,0,2,0,29,21
OTU_841,19,0,0,0,0,0,0,0,0,0,0,1,0,1,0,0,0,1,0,0,0,0,11,2,0,4,13,0,3,0,0,0,0,0,0,0,1,0,0,3
OTU_439,0,8,0,0,0,0,1,0,1,0,0,0,0,165,0,0,0,0,7,0,0,0,3,0,0,0,0,0,0,0,0,0,0,0,0,0,0,0,0,0
OTU_458,0,0,0,0,0,0,0,3,0,0,0,0,0,0,0,0,0,0,0,0,29,0,0,1,0,0,0,0,0,0,0,0,0,0,0,0,0,0,0,72
OTU_1165,2,0,0,8,0,0,0,0,0,3,0,0,0,0,0,0,0,0,0,0,0,0,0,0,0,0,0,0,0,0,0,0,0,0,0,0,0,0,0,0
OTU_646,0,0,0,0,0,53,0,0,0,0,16,0,0,0,1,0,0,0,0,0,0,0,0,0,0,0,1,0,0,0,0,0,0,0,0,0,1,0,0,3
OTU_229,2,1,0,2,0,0,0,0,1,13,1,261,0,0,0,0,0,0,0,0,0,0,0,0,0,0,0,0,0,2,0,0,0,0,0,0,0,0,0,0
OTU_749,0,0,0,0,0,56,0,0,0,0,0,0,0,0,0,0,0,0,0,0,0,0,0,0,0,0,0,0,0,0,0,0,0,0,0,0,0,0,0,0
OTU_496,3,7,0,0,0,0,37,0,1,0,0,64,0,0,1,0,0,0,1,26,0,0,45,0,0,0,0,10,0,0,9,0,0,0,0,0,0,0,98,5
OTU_558,0,1,0,0,28,0,31,9,156,0,8,4,0,19,0,0,0,0,1,0,0,0,0,0,0,0,0,0,0,0,0,0,0,0,0,0,0,0,11,0
OTU_520,0,0,0,0,33,0,85,0,22,0,0,0,0,0,0,0,0,0,0,0,0,0,0,0,0,0,0,0,0,0,0,0,0,0,0,0,0,0,0,0
OTU_618,0,0,0,3,0,84,0,0,1,0,12,0,0,2,0,0,0,3,6,0,0,1,0,0,0,0,0,0,0,0,0,0,0,0,0,0,0,0,0,0
OTU_107,3,1,1,0,0,16,2,2,3,39,0,0,2,1113,0,0,1,0,0,0,0,58,1,0,0,0,0,0,0,0,0,0,0,0,0,0,0,0,0,0
OTU_752,1,282,0,0,8,0,37,1,19,1,2,0,1,7,0,0,2,535,1,0,0,5,7,0,1,0,380,0,0,0,33,0,0,0,0,0,128,0,0,6
OTU_704,14,0,0,13,0,11,2,0,31,0,0,45,0,0,2,0,0,5,0,1,11,0,6,2,0,1,1,6,2732,0,1,0,1,0,0,36,0,0,0,0
OTU_347,0,0,1,67,89,155,1,1,9,0,4,2,6,0,0,0,0,0,0,2,0,0,9,0,0,0,0,0,0,1,0,0,1,11,1,0,0,6,0,0
OTU_938,4,0,0,9,11,0,0,0,0,0,3,0,0,5,1,0,1,0,0,0,0,1,0,0,0,0,0,2,0,0,0,0,3,0,0,0,0,7,0,0
OTU_642,0,0,0,0,0,10,0,0,0,0,43,0,0,0,0,0,0,0,0,0,0,0,0,0,0,0,0,0,0,0,0,0,0,0,0,0,0,0,0,0
OTU_826,17,0,0,65,0,0,0,0,0,0,0,0,0,0,0,0,0,0,8,0,1,0,0,0,0,1,0,0,0,0,0,0,0,0,0,0,0,8,0,0
OTU_423,50,4,0,260,11,28,6,0,0,2,39,1,1,3,25,0,2,0,1,0,0,5,0,3,0,0,0,0,0,0,0,0,0,96,0,0,1,27,0,0
OTU_373,0,2,0,0,3,1,99,0,0,0,0,0,0,0,0,0,0,0,0,0,0,0,0,0,0,0,0,0,0,0,0,0,0,0,0,0,0,0,0,0
OTU_1182,1,0,0,0,23,0,47,0,0,0,0,0,0,1,0,0,0,0,0,1,0,2,0,0,0,0,0,0,0,12,0,0,0,0,0,0,0,0,0,0
OTU_413,12,0,0,6,59,0,6,0,1,0,2,0,0,5,0,0,0,0,0,0,0,16,1,0,1,0,0,0,0,4,9,10,0,0,0,0,0,18,0,0
OTU_557,0,86,0,0,16,0,14,27,1,0,0,0,1,168,0,0,0,0,0,0,0,2,2,0,0,0,0,0,0,0,3,0,0,0,0,0,1,0,0,0
OTU_1516,1,0,0,0,0,10,0,0,0,0,17,0,0,0,0,0,0,0,0,0,0,0,0,0,0,0,0,0,0,0,0,0,0,0,0,0,0,0,0,0
OTU_161,5,24,0,0,0,0,1,0,0,13,0,0,0,0,4,1,9,8,18,1,0,0,8,0,29,541,1,4,0,1,0,37,76,1,2,0,0,796,0,0
OTU_279,4,0,0,217,0,1,1,1,0,0,0,1,0,1,0,0,0,0,0,0,0,0,0,0,0,0,0,0,0,0,0,0,0,0,0,0,0,0,0,0
OTU_190,39,0,0,9,0,125,0,0,0,0,9,0,0,0,2,0,0,10,28,0,0,2,1,0,20,444,1,7,1,0,0,0,242,0,0,0,0,39,0,0
OTU_1532,10,0,0,26,1,34,6,0,0,0,0,0,0,0,2,0,240,3,13,0,0,0,5,0,1,0,1,2,0,0,10,0,0,0,0,0,0,13,0,0
OTU_166,1,0,0,0,0,0,0,0,0,1,195,0,73,0,0,0,0,591,0,8,0,26,0,0,0,1,0,29,0,0,46,1,1,0,153,16,0,0,3,1
OTU_791,100,7,0,18,2,0,1,1,0,2,0,0,0,0,1,0,1,0,3,0,0,11,0,0,0,8,0,0,0,0,0,0,20,0,0,0,1,10,0,0
OTU_270,10,0,0,3,1,65,0,0,0,2,40,0,0,0,2,0,0,0,0,0,0,0,0,0,1,0,0,0,0,233,1,0,0,0,0,0,0,9,0,0
OTU_1330,0,0,0,0,5,0,0,0,0,0,0,0,0,0,0,0,0,0,1,0,0,0,0,0,0,0,0,0,0,0,0,0,0,0,0,0,0,0,0,0
OTU_466,5,28,0,0,69,0,84,0,2,0,0,0,0,1,0,0,0,11,6,0,0,0,0,0,0,0,0,0,0,0,0,0,0,0,0,0,0,0,0,0
OTU_429,131,0,0,19,0,0,0,0,0,0,4,7,0,0,5,0,2,35,16,1,1,5,3,3,0,4,1,57,0,0,1,0,0,0,1,0,0,0,11,18
OTU_893,1,0,0,0,0,15,0,0,0,0,0,2,0,0,1,0,9,1,4,0,0,1,0,0,0,0,0,17,0,0,0,0,0,0,0,0,2,0,0,0
OTU_1230,1,0,0,6,0,0,0,0,0,0,0,0,0,0,0,0,0,0,0,0,0,0,0,0,0,0,0,0,0,0,0,2,1,0,0,0,0,1,0,0
OTU_525,1,1,0,11,3,41,0,0,0,0,0,0,0,4,0,0,0,0,0,0,0,0,18,0,0,0,4,0,0,0,0,0,0,0,0,0,0,0,0,0
OTU_586,1,0,0,0,3,0,0,0,0,0,0,0,0,1,4,0,0,21,0,0,0,7,15,0,0,0,6,5,2,0,30,0,0,0,0,0,2,0,0,0
OTU_432,34,2,1,9,0,20,1,0,3,0,180,28,15,0,0,0,14,78,8,27,5,6,0,2,42,48,0,120,1,0,5,0,127,7,8,8,0,0,66,1
OTU_149,95,59,2,149,2,32,3,0,0,0,39,0,2,56,726,0,413,106,230,1,3,590,87,8,9,79,51,40,1,1,63,7,10,0,34,0,9,415,224,29
OTU_640,29,0,0,89,0,0,0,1,1,1,0,0,0,0,0,0,0,0,3,0,0,0,2,0,0,0,3,0,0,0,0,0,0,0,0,0,0,0,0,0
OTU_389,34,0,115,3,0,25,3,1,0,0,0,0,0,0,1,0,129,0,9,0,1,0,6,2,3,0,0,0,0,0,6,0,0,0,1,0,4,3,0,0
OTU_217,16,0,0,66,0,0,1,0,0,38,0,0,0,0,0,0,0,0,0,0,0,1,3,0,0,0,0,1,0,0,0,245,19,0,0,0,0,272,0,0
OTU_514,0,1,147,1,33,1,8,1,0,1,0,0,1,80,0,0,0,0,2,0,0,26,1,1,0,0,0,0,0,0,0,0,0,0,0,0,0,0,0,3
OTU_446,0,0,0,0,0,0,0,74,0,0,0,0,0,0,0,0,0,0,0,0,0,0,0,0,0,0,0,0,0,0,0,0,0,0,0,0,0,0,0,0
OTU_591,0,0,0,0,0,36,0,0,0,0,36,0,0,0,0,0,0,2,0,0,0,0,0,0,0,0,0,0,0,0,0,0,9,0,0,0,0,3,0,0
OTU_457,0,0,0,0,0,0,0,0,0,1,72,0,0,0,0,0,0,0,0,0,0,0,0,0,1,4,0,0,0,0,0,0,0,0,0,0,0,0,0,0
OTU_454,1,0,0,0,133,1,25,2,1,0,0,0,1,1,0,0,0,1,0,0,0,2,0,0,0,0,0,0,0,0,0,0,0,0,0,0,0,0,0,0
OTU_486,4,4,0,60,0,0,0,8,0,0,1,0,0,7,0,0,0,0,0,0,0,0,0,0,0,0,0,0,0,0,0,0,0,0,0,0,0,0,0,0
OTU_697,60,0,0,17,0,0,0,0,0,0,1,0,0,0,0,0,0,0,0,0,0,0,0,0,0,0,0,0,0,0,0,0,0,0,0,0,0,0,0,0
OTU_643,3,0,0,37,35,0,14,0,0,0,0,0,0,6,0,0,0,0,0,0,0,0,0,0,0,0,0,0,0,2,0,0,0,0,0,0,0,0,0,0
OTU_728,36,0,0,0,0,0,0,0,0,0,0,0,0,0,0,0,2,0,0,0,0,3,3,0,0,0,0,0,0,0,2,0,0,0,0,0,0,0,0,0
OTU_99,0,260,0,1,3,0,159,1,1,0,0,1,1,1,2,0,0,1486,0,0,0,1,1,0,0,0,20,0,0,0,0,0,0,0,5,0,0,1,0,2
OTU_581,14,0,0,78,0,0,0,0,0,0,6,0,0,0,7,0,0,0,0,2,0,0,1,0,0,0,0,29,0,0,0,0,0,0,1,0,0,0,0,3
OTU_261,0,1,127,0,0,0,0,1,0,0,0,0,0,0,0,0,0,0,0,0,0,1,0,0,0,0,0,0,0,0,64,0,0,0,0,0,0,0,0,0
OTU_237,268,0,0,43,0,0,0,0,0,0,0,0,0,1,0,0,0,0,0,0,0,0,0,0,0,0,0,0,0,0,0,0,0,0,0,0,0,0,0,0
OTU_889,0,0,0,0,0,0,0,0,0,0,10,0,0,0,0,0,0,0,0,0,0,0,0,0,0,0,0,0,0,0,0,0,0,0,0,0,0,0,0,0
OTU_565,1,1,0,0,0,0,0,0,0,0,6,0,0,116,0,0,0,0,0,0,0,0,0,0,0,0,0,0,0,0,0,0,0,0,0,0,0,0,0,17
OTU_447,0,87,0,0,15,0,32,0,0,0,0,0,1,33,0,0,0,0,0,0,0,0,0,0,0,0,0,4,0,0,0,0,0,0,0,0,1,0,0,0
OTU_1248,0,0,0,0,0,0,0,0,0,17,0,0,0,0,0,0,0,0,0,0,0,1,0,0,0,0,0,0,0,0,0,0,0,0,0,0,0,0,0,0
OTU_224,0,4,0,0,0,9,0,0,0,1,2,0,0,31,0,0,0,0,4,0,1,1,231,1,0,0,591,0,0,0,0,0,0,0,2,0,9,0,0,0
OTU_462,1,11,109,0,0,0,2,5,5,0,0,0,1,19,0,0,0,0,77,0,0,0,12,0,0,0,8,4,6,0,1,0,0,0,0,0,3,0,0,0
OTU_307,0,3,0,0,0,246,0,0,0,1,103,0,0,0,1,0,1,6,27,0,0,0,0,0,7,38,0,0,0,0,0,0,25,0,0,0,0,0,0,0
OTU_385,0,0,121,0,0,0,0,0,1,1,0,0,1,0,0,0,0,0,0,0,0,0,0,0,0,0,0,0,0,0,0,0,0,0,0,0,0,0,0,0
OTU_125,0,1,0,1,89,0,7,2,790,106,0,0,1,2,0,0,0,0,0,0,0,0,0,0,0,0,0,0,0,568,0,45,0,0,0,0,1,0,0,0
OTU_682,8,6,0,1,91,0,33,0,1,0,0,0,0,60,1,0,3,0,0,0,0,0,23,1,0,0,34,0,0,0,0,0,1,0,0,0,3,16,0,0
OTU_1149,7,0,0,23,0,1,0,0,0,0,29,0,0,0,0,0,0,0,0,0,0,0,0,0,0,0,0,0,0,6,0,0,0,0,0,0,0,0,0,0
OTU_649,0,0,0,0,0,0,0,0,0,0,5,0,0,0,0,0,0,0,0,0,0,0,7,4,0,0,10,0,0,0,0,0,0,0,0,0,0,0,0,71
OTU_404,12,0,0,62,0,3,1,0,0,0,18,0,0,0,0,0,2,0,0,0,0,0,0,0,23,1,0,3,0,0,0,5,0,0,0,0,0,0,0,0
OTU_366,23,49,1,0,22,0,23,95,38,0,1,10,2,121,0,0,1,15,0,0,0,3,12,1,2,17,14,0,0,0,0,0,4,0,1,0,6,0,0,0
OTU_85,17,0,0,77,0,0,0,0,0,0,0,0,0,0,381,1,1310,0,1,3,2,0,25,0,0,6,4,1643,1,0,1,0,0,0,2,1,2,0,0,96
OTU_334,142,0,0,178,1,0,6,0,0,17,0,4,0,4,0,0,2,8,3,1,0,1,0,0,0,2,0,3,0,0,0,0,0,0,0,0,0,2,0,0
OTU_1040,0,2,0,7,13,0,14,0,0,0,0,0,0,0,0,0,1,0,0,0,0,4,0,0,0,0,0,0,0,0,0,0,0,0,0,0,0,0,0,0
OTU_363,95,0,0,8,0,0,0,0,0,0,0,4,0,0,0,0,0,0,0,0,0,0,0,0,0,0,0,0,0,0,0,0,0,0,0,0,0,0,0,0
OTU_560,0,0,0,0,0,64,0,0,0,0,0,0,0,0,0,0,0,0,0,0,0,0,0,0,0,0,0,0,0,0,0,0,0,0,0,0,0,0,0,0
OTU_1224,0,3,0,0,6,0,13,0,1,0,0,0,0,0,0,0,0,0,0,0,0,0,0,1,0,0,0,0,0,0,0,0,0,0,1,0,0,0,0,0
OTU_531,4,0,0,0,3,0,3,0,64,0,0,11,0,0,0,0,0,2,0,0,0,0,0,0,5,6,0,0,0,0,0,0,0,0,0,0,0,0,0,0
OTU_532,0,0,1,0,0,0,0,0,0,0,0,24,0,0,0,0,0,0,0,0,0,0,0,0,0,0,0,0,0,104,0,0,0,0,0,0,1,0,0,0
OTU_499,0,0,0,0,101,1,1,0,0,0,0,0,0,0,0,0,0,0,0,0,0,0,0,0,0,0,0,0,0,0,0,0,0,0,0,0,0,0,0,0
OTU_494,0,0,0,6,0,118,0,0,0,0,70,0,0,0,0,0,0,0,1,0,1,0,0,0,5,23,0,0,0,0,0,0,0,0,0,0,0,0,0,0
OTU_623,0,41,0,0,0,0,0,0,0,1,0,0,0,1,0,0,0,0,0,0,0,0,0,0,0,0,0,0,0,0,1,0,0,0,3,0,0,0,0,0
OTU_748,0,0,0,0,0,23,0,0,0,0,14,0,0,0,0,0,0,0,0,0,0,0,0,0,0,0,0,0,0,0,0,0,0,0,0,0,0,0,0,0
OTU_288,0,0,204,0,0,0,0,1,1,2,1,0,0,0,0,0,0,0,0,0,0,0,0,0,0,0,0,0,0,0,0,0,0,0,0,0,0,0,0,0
OTU_572,0,0,0,0,0,53,0,0,0,0,0,0,0,0,0,0,0,0,0,0,0,0,0,0,0,0,0,0,0,0,0,0,0,0,0,0,0,0,0,0
OTU_397,0,0,131,0,0,0,0,0,0,0,0,0,0,4,0,0,0,0,0,0,1,0,72,15,0,0,29,0,0,0,0,0,0,0,0,0,8,0,0,0
OTU_1064,1,4,0,0,5,31,4,0,1,0,25,0,0,2,0,0,0,0,3,0,1,2,10,0,0,5,25,10,1,0,3,0,0,0,0,0,2,0,0,8
OTU_124,15,2,0,11,0,28,1,0,0,0,97,20,7,0,0,0,6,34,2,27,0,0,1,1,247,710,0,375,1,0,1,0,364,3,1,1,0,1,19,1
OTU_489,0,3,0,0,0,1,0,2,1,0,0,0,0,66,0,0,0,0,0,0,0,0,0,1,0,0,0,0,0,0,0,0,0,0,0,0,0,0,0,0
OTU_1053,0,0,44,0,0,0,0,0,0,0,0,0,0,0,0,0,0,0,0,0,0,0,0,0,0,0,0,0,0,0,0,0,0,0,0,0,0,0,0,0
OTU_592,0,0,0,2,54,0,3,0,0,0,0,0,0,2,1,0,1,0,0,0,0,0,0,0,0,0,0,0,0,0,0,0,0,0,0,0,0,0,0,1
OTU_869,0,0,0,16,8,0,0,0,0,3,0,0,0,4,0,0,1,0,1,0,0,0,0,0,0,0,0,0,0,0,0,0,0,0,0,0,0,13,0,0
OTU_515,0,34,0,0,0,0,0,2,0,1,1,0,0,73,0,0,0,0,0,0,0,0,23,17,0,0,47,0,0,0,0,0,0,0,0,0,9,0,0,2
OTU_660,0,0,0,4,0,0,0,0,0,30,0,1,0,0,0,0,0,0,0,0,0,0,0,0,0,0,0,0,0,0,0,15,0,0,0,0,0,7,0,0
OTU_1093,1,0,0,3,10,0,1,0,10,0,0,0,0,0,0,0,0,0,0,0,0,0,0,0,0,1,0,0,0,0,0,0,0,0,0,0,0,0,0,0
OTU_1297,0,0,0,0,0,0,0,0,0,0,0,0,0,13,0,0,0,0,0,0,0,0,0,0,0,0,0,0,0,0,0,0,0,0,0,0,0,0,0,0
OTU_465,10,1,19,16,4,4,0,0,0,22,0,1,0,0,1,0,0,50,0,0,0,0,0,11,0,0,0,23,0,0,1,90,0,0,3,0,1,0,0,0
OTU_974,4,0,0,0,0,41,0,0,0,0,40,0,0,0,0,0,0,0,0,0,0,0,0,0,0,0,0,2,0,0,0,0,6,0,0,0,0,0,0,0
OTU_817,0,0,63,0,0,0,0,0,0,0,0,0,0,0,0,0,0,0,0,0,0,0,0,4,0,0,0,0,0,0,0,0,0,0,0,0,0,0,0,8
OTU_966,0,0,0,0,0,0,0,2,15,0,0,0,0,0,0,0,0,0,0,0,0,0,0,0,0,0,0,0,0,0,0,0,0,0,0,0,0,0,0,0
OTU_872,16,0,0,16,11,17,0,0,0,0,0,0,0,0,0,0,0,0,0,0,0,0,0,0,0,1,0,0,0,0,0,0,0,0,0,0,0,0,0,0
OTU_1339,0,5,0,0,60,0,7,0,0,0,0,0,0,0,0,0,0,7,8,0,0,0,0,0,1,11,0,0,0,0,1,0,5,0,0,0,0,0,0,1
OTU_707,0,5,64,0,0,0,0,0,0,0,0,0,0,0,2,0,2,0,0,0,0,0,1,0,0,0,1,0,1,0,1,0,0,0,0,0,0,2,0,6
OTU_632,58,1,0,10,1,40,0,0,0,0,121,0,0,1,0,0,1,0,1,0,0,0,0,0,0,4,0,0,0,3,2,0,0,0,0,0,0,0,0,0
OTU_295,0,0,0,0,4,0,84,0,0,0,0,0,0,0,0,0,0,0,0,0,0,0,0,0,0,0,0,0,0,0,0,0,0,0,0,0,0,0,0,0
OTU_289,12,0,0,5,12,22,3,0,0,0,13,0,0,5,0,0,2,0,0,0,0,2,0,281,239,4,0,4,1,1,33,0,32,0,115,0,1,1,21,66
OTU_596,0,0,0,0,0,0,0,0,0,68,0,0,1,0,0,0,0,0,0,0,0,0,0,0,0,0,0,0,0,0,0,0,0,0,0,0,0,0,0,0
OTU_714,0,4,31,1,192,0,53,7,2,0,0,0,1,12,2,0,0,1,0,0,0,4,0,1,0,0,0,0,0,23,1,0,0,0,1,0,0,0,0,0
OTU_362,2,0,0,0,0,0,0,0,0,0,0,13,0,0,0,0,0,158,0,0,46,0,0,0,0,0,0,0,0,0,1,0,0,0,0,41,0,0,0,14
OTU_1404,0,0,0,0,3,0,0,0,0,0,0,0,0,11,0,0,0,0,0,0,0,0,0,0,0,0,0,0,0,0,0,0,0,0,0,0,0,0,0,0
OTU_256,174,0,0,5,0,0,0,0,0,3,0,3,0,0,0,0,0,28,1,0,1,0,0,0,0,1,0,1,0,0,0,109,13,0,0,0,0,311,0,0
OTU_1270,0,0,0,0,0,0,0,0,0,0,0,0,0,7,0,0,0,0,0,0,0,0,0,0,0,0,0,0,0,0,0,0,0,0,0,0,0,0,0,0
OTU_1079,7,3,0,21,0,0,0,0,0,0,0,1,0,0,0,0,0,1,0,0,0,0,0,0,0,0,0,0,0,0,4,0,0,0,0,0,0,0,0,0
OTU_1104,0,0,0,0,0,0,0,10,0,0,0,0,0,6,0,0,0,0,0,0,0,0,4,0,0,0,10,0,0,0,0,0,0,0,0,0,0,0,0,0
OTU_207,0,4,0,0,0,0,0,1,0,0,1,0,0,24,1,1,0,0,0,0,80,0,0,36,0,0,1,0,1,0,0,0,0,0,0,0,0,0,0,715
OTU_522,3,1,0,11,43,62,14,1,0,0,9,0,4,12,2,0,0,0,3,0,0,3,0,5,0,0,0,0,0,1,26,5,0,0,0,0,0,5,0,13
OTU_746,0,0,0,7,7,0,6,0,0,1,0,0,0,21,0,0,0,0,0,0,0,3,0,0,0,0,0,0,0,0,2,0,0,0,0,0,0,0,0,0
OTU_438,30,0,0,0,0,0,0,0,0,0,0,0,1,0,2,0,7,21,0,2,0,0,0,58,0,0,4,5,0,0,34,0,45,0,48,0,0,0,0,8
OTU_196,0,0,0,0,0,21,0,0,0,0,0,0,0,0,332,0,80,0,0,163,0,0,0,0,0,0,0,0,0,1,0,0,0,0,0,0,0,0,0,0
OTU_437,130,0,0,0,0,0,0,0,0,0,0,0,0,0,0,0,0,0,0,0,0,0,0,0,0,0,0,0,0,0,0,0,0,0,0,0,0,0,0,0
OTU_1140,1,0,0,0,0,0,8,0,0,0,0,0,0,0,0,0,0,0,0,0,0,0,0,0,1,0,0,0,0,0,0,0,1,0,0,0,1,0,0,0
OTU_459,27,0,0,50,0,21,0,0,0,0,0,0,0,1,0,0,0,0,0,0,0,0,0,0,0,0,0,0,0,0,0,0,0,0,0,0,0,0,0,0
OTU_222,0,32,0,0,0,0,0,0,0,0,0,0,0,11,0,0,0,0,0,1,0,1,236,0,0,0,14,0,0,0,0,0,0,0,0,0,0,0,0,1
OTU_209,43,0,0,0,0,0,0,1,0,0,0,0,0,0,0,0,319,1,4,0,0,0,6,0,0,4,2,2,0,0,2,0,0,1,1,0,1,1,0,0
OTU_964,0,0,0,0,0,22,0,0,0,1,21,0,0,0,0,0,0,0,0,0,0,0,0,0,0,0,0,0,0,0,0,0,0,0,0,0,0,0,0,0
OTU_391,1,0,39,0,28,0,0,0,0,0,0,0,0,0,3,0,1,153,0,0,0,0,1,0,0,11,2,7,0,0,0,0,8,0,0,0,0,0,0,0
OTU_1337,13,0,1,16,0,0,0,0,0,0,0,0,0,0,0,0,0,0,0,0,0,0,0,0,0,0,0,0,0,0,0,0,0,0,0,0,0,0,0,0
OTU_1088,0,1,0,1,1,55,0,0,0,0,16,0,0,8,0,0,0,109,175,0,2,2,0,7,0,3,6,0,0,0,0,0,0,0,0,0,0,1,35,37
OTU_824,0,0,40,0,0,0,0,0,1,0,0,0,0,0,0,0,0,0,0,0,0,0,0,0,0,0,0,0,0,0,0,0,0,0,0,0,0,0,0,0
OTU_1274,7,0,0,0,0,0,0,0,0,0,0,0,0,0,0,0,0,0,0,0,0,0,2,0,0,0,0,0,0,0,0,0,0,0,0,0,0,0,0,0
OTU_374,0,4,0,0,0,0,80,0,0,0,0,0,0,0,0,0,0,0,0,0,0,0,0,0,0,0,1,0,0,0,0,0,0,0,0,0,0,0,0,0
OTU_94,0,12,0,0,1,13,0,0,0,0,2,0,0,1,2,1,1,1,0,9,5,43,2,2215,2,3,0,49,2,2,297,0,2,0,125,0,0,1,0,1001
OTU_671,0,0,0,0,0,79,0,0,0,0,19,0,0,0,0,0,0,0,0,0,0,0,0,0,0,0,0,0,0,0,2,0,0,0,0,0,0,0,0,0
OTU_401,0,6,163,0,0,0,0,0,0,0,0,0,0,1,0,0,0,0,0,0,0,3,8,0,0,0,3,0,0,0,0,0,0,0,0,0,0,0,0,0
OTU_1188,0,0,0,0,13,0,1,0,6,0,0,1,1,0,0,0,0,0,0,0,0,0,0,0,3,0,0,0,0,0,0,0,0,0,0,0,0,0,0,0
OTU_639,0,0,0,0,0,150,0,2,0,1,57,0,0,0,0,0,0,0,0,0,0,0,0,0,0,0,0,0,1,0,0,0,11,0,0,0,0,0,0,0
OTU_60,0,1,0,0,0,0,1,2,172,2,9,0,0,14,10,1,731,2,2,3,2,1,1,3,1,1,3,357,1,1159,2,3352,1,0,5,0,1,3,0,2
OTU_708,21,0,1,75,0,0,1,0,0,59,0,7,0,0,1,0,2,0,0,0,0,0,0,0,0,4,0,4,0,0,0,66,4,0,0,0,0,30,0,0
OTU_629,0,0,0,0,0,0,0,0,0,0,30,0,0,0,0,0,0,0,0,0,0,0,0,0,0,0,0,0,0,0,0,0,0,0,0,0,0,0,0,0
OTU_301,0,0,1,0,0,0,0,95,0,0,0,0,0,2,1,0,0,1,0,0,445,9,0,2,0,0,0,0,45,0,2,0,0,0,0,128,0,0,0,4
OTU_747,0,12,0,0,0,0,0,5,1,0,0,0,0,32,0,0,0,0,0,0,0,0,0,0,0,0,1,0,0,0,0,0,0,0,0,0,0,0,0,0
OTU_617,0,0,22,0,0,16,0,0,0,0,0,0,0,0,1,0,2,2,0,0,0,0,3,0,0,0,5,0,0,0,0,0,0,0,0,0,0,0,0,0
OTU_306,0,0,0,0,0,18,0,0,0,0,3,0,0,0,1,0,0,0,0,0,0,0,0,0,15,1,0,0,0,0,1,0,24,0,1,0,0,0,201,0
OTU_762,1,0,0,1,0,1,0,0,0,22,0,8,0,1,0,0,0,0,0,0,0,0,0,0,0,0,0,0,0,0,0,0,0,0,0,0,0,0,0,0
OTU_6,0,0,0,0,0,21,0,0,0,0,0,0,7,0,17,21566,31,16,7,10,7,12,7,7,7,3,26,5,5,3,3,10,124,4,4,17,13,30,3,67
OTU_807,0,23,0,0,8,0,0,0,2,0,0,0,0,22,2,0,1,0,0,0,0,0,0,0,0,0,0,0,0,0,0,0,0,0,0,0,0,0,0,0
OTU_724,67,0,0,9,0,0,0,0,0,5,0,22,0,0,0,0,0,0,0,0,0,0,0,0,0,0,0,0,0,0,0,0,0,0,0,0,0,0,0,0
OTU_1292,6,3,0,19,0,0,2,0,0,0,24,0,0,0,1,0,0,0,3,0,0,1,0,0,0,4,0,0,0,0,0,0,0,0,0,0,0,0,0,1
OTU_327,26,0,0,2,9,10,4,1,4,18,30,65,0,0,0,0,1,23,5,64,42,1,0,89,41,4,4,8,1,0,21,2,86,33,399,2,11,4,0,15
OTU_1229,0,53,0,0,1,0,10,0,0,0,0,0,0,1,0,0,0,0,0,0,0,0,0,0,0,0,4,0,0,0,0,0,0,0,0,0,0,0,0,0
OTU_500,10,0,0,0,4,0,12,0,7,0,10,0,0,0,0,0,0,0,6,0,0,0,0,0,129,2,0,0,0,0,0,0,10,0,10,0,0,0,16,0
OTU_999,8,0,0,0,0,0,0,0,0,0,7,0,0,0,0,0,0,0,4,0,0,0,0,0,0,0,0,0,0,0,0,0,9,0,0,0,0,0,12,0
OTU_1057,4,0,0,0,0,0,4,0,0,0,0,0,0,0,4,0,1,0,0,0,0,0,0,0,0,0,0,0,0,0,0,0,0,0,0,0,0,0,0,0
OTU_1086,0,0,44,0,0,0,1,0,0,0,0,0,0,0,0,0,0,0,0,0,0,0,0,0,0,0,0,0,0,0,0,0,0,0,0,0,0,0,0,0
OTU_800,0,12,0,0,0,0,2,0,0,0,0,0,0,0,0,0,0,0,0,0,0,0,0,0,0,0,0,0,0,0,0,0,0,0,0,0,0,1,0,0
OTU_406,0,5,148,1,0,0,0,0,1,0,1,0,0,72,0,0,0,0,0,0,0,0,0,0,0,0,0,0,0,0,0,0,0,0,0,0,0,0,0,0
OTU_973,35,0,0,0,0,0,0,0,0,0,0,0,0,0,0,0,0,0,0,0,0,0,0,0,0,0,0,0,0,0,0,0,0,0,0,0,0,0,0,0
OTU_593,32,2,0,5,0,0,5,0,0,0,0,0,1,0,0,0,4,51,1,0,1,18,2,1,0,0,5,6,0,0,22,0,0,0,2,0,9,0,1,0
OTU_422,21,0,0,72,31,0,6,1,0,1,5,0,0,6,6,0,0,0,14,0,0,0,0,0,8,137,0,0,0,0,0,0,14,0,0,0,0,52,0,0
OTU_717,0,0,0,0,0,0,0,5,0,0,0,0,0,38,0,0,0,0,0,1,7,8,2,1,0,0,11,0,2,0,1,0,0,0,9,0,1,0,0,0
OTU_920,7,0,0,21,0,0,0,0,0,0,0,0,0,0,0,0,2,8,0,0,0,0,0,0,0,0,0,0,0,0,0,0,0,0,0,0,0,7,0,0
OTU_456,0,0,0,0,2,44,0,0,0,0,0,0,3,0,0,0,0,0,0,0,0,4,0,0,0,0,0,0,0,0,1,0,0,0,0,0,0,10,0,0
OTU_696,6,0,0,28,0,0,0,0,0,0,1,0,0,0,0,0,0,0,0,0,0,0,0,0,0,0,0,0,0,0,0,0,0,0,0,0,0,13,0,0
OTU_669,25,0,0,16,0,0,0,0,0,1,0,0,0,0,0,0,0,0,0,0,0,0,0,0,0,0,0,0,0,0,0,0,0,0,0,0,0,0,0,0
OTU_357,2,31,0,0,0,0,4,11,0,0,1,0,0,131,0,0,1,3,24,0,0,10,0,1,0,4,2,1,0,0,3,0,15,0,0,0,0,0,0,0
OTU_668,0,34,0,0,0,0,0,0,0,0,0,0,0,0,0,0,0,0,0,0,0,0,0,0,0,0,0,0,0,0,0,0,0,0,0,0,0,0,0,0
OTU_1341,0,0,13,0,0,0,0,0,0,0,0,0,0,0,0,0,0,0,0,0,0,0,0,0,0,0,0,0,0,0,0,0,0,0,0,0,0,0,0,0
OTU_958,0,1,0,0,0,26,0,0,0,0,0,0,0,0,0,0,0,0,0,0,0,0,0,0,0,0,0,0,0,0,0,0,0,0,0,0,0,0,0,0
OTU_932,0,0,0,0,6,10,2,0,0,0,14,0,0,0,0,0,0,0,0,0,0,0,0,0,0,0,0,0,0,0,0,0,0,0,0,0,0,0,0,0
OTU_1039,0,0,0,7,0,0,1,0,0,0,0,0,0,0,0,0,0,0,0,0,0,0,0,0,15,1,1,0,0,0,0,0,0,0,0,0,0,0,0,0
OTU_995,0,3,0,0,0,0,0,4,0,0,0,0,0,9,0,0,0,0,0,0,3,1,0,6,0,0,0,0,0,0,0,0,0,0,3,0,0,0,0,11
OTU_811,9,0,0,46,0,0,0,0,1,0,0,0,0,0,0,0,0,0,0,0,0,0,0,0,0,0,0,0,0,0,0,0,0,0,0,0,0,0,0,0
OTU_832,23,0,0,0,1,0,0,0,0,0,0,0,0,0,0,0,0,0,0,0,0,0,0,0,0,0,0,0,0,0,0,0,0,0,0,0,0,0,0,0
OTU_956,0,0,0,0,52,0,13,0,26,0,0,0,0,0,0,0,0,0,0,0,0,0,0,0,0,0,0,0,0,0,0,0,0,0,0,0,0,0,0,0
OTU_372,0,0,0,0,0,46,0,0,0,0,136,0,0,0,0,0,0,0,0,0,0,0,0,0,0,0,0,6,0,0,0,0,0,0,0,0,0,0,0,0
OTU_1204,0,0,0,0,0,0,0,0,0,0,0,0,0,19,0,0,0,0,0,0,0,0,0,0,0,0,0,0,0,0,12,0,0,0,0,0,0,0,0,0
OTU_498,0,0,0,0,0,0,0,0,0,0,0,0,0,68,0,0,0,0,0,0,0,0,0,0,0,0,0,0,0,0,0,0,0,0,0,0,0,0,0,7
OTU_218,16,0,0,67,4,0,3,0,0,1,0,0,0,0,0,0,2,2,0,0,0,0,0,1,0,426,0,1,0,6,0,0,0,0,0,0,0,9,0,0
OTU_949,0,0,0,0,34,0,2,0,0,0,0,0,0,0,0,0,0,0,0,0,0,0,0,0,0,0,0,0,0,0,0,0,0,0,0,0,0,0,0,0
OTU_481,0,0,0,0,0,0,0,0,0,71,0,0,0,0,1,0,0,0,0,3,0,0,0,0,0,0,0,1,0,13,0,0,6,1,0,0,0,0,0,0
OTU_1376,0,8,0,0,0,0,0,0,0,0,0,0,0,0,0,0,0,0,0,0,0,0,0,0,0,0,0,0,0,0,0,0,0,0,0,0,0,0,0,0
OTU_143,0,0,0,16,50,0,27,0,0,11,0,0,0,0,2,0,0,0,6,1,0,0,1,0,0,7,1,0,0,795,0,11,8,0,0,0,1,4,0,0
OTU_502,53,0,0,8,0,0,0,0,0,0,0,0,0,0,0,0,0,3,0,0,0,0,0,0,0,0,0,0,0,0,0,0,0,0,0,0,0,0,0,0
OTU_821,2,0,0,25,0,0,0,0,0,0,0,0,0,0,0,0,0,0,0,0,0,0,0,0,0,0,0,0,0,0,0,0,0,0,0,0,0,0,0,0
OTU_875,0,0,0,1,0,18,0,0,0,0,18,0,0,0,1,0,0,0,0,0,0,0,0,0,0,0,0,6,0,0,3,0,0,0,0,0,1,0,0,0
OTU_1236,5,0,0,0,0,0,0,0,0,0,5,0,0,0,0,0,0,0,2,0,0,0,0,0,0,0,0,0,0,0,0,0,0,0,0,0,0,0,0,0
OTU_601,42,0,0,0,0,0,0,0,0,0,2,0,0,0,0,0,0,0,3,0,0,0,0,0,1,0,0,0,0,0,0,0,0,0,0,0,0,0,0,0
OTU_595,5,0,0,0,0,0,0,0,0,0,17,0,0,0,0,0,0,0,12,0,0,0,0,0,271,0,0,1,0,1,0,1,10,0,0,0,0,0,0,1
OTU_838,0,0,0,0,0,35,0,0,0,0,0,0,0,0,0,0,0,0,0,0,0,0,0,0,0,0,0,0,0,0,0,0,0,0,0,0,0,0,0,0
OTU_1130,14,0,1,26,0,0,0,0,0,0,0,0,0,0,0,0,0,0,0,0,0,0,0,0,0,0,0,0,0,0,0,0,0,0,0,0,0,0,0,0
OTU_692,2,0,0,0,23,0,8,0,0,0,0,0,0,0,0,0,0,0,0,0,0,0,0,0,0,0,0,0,0,0,0,0,0,0,0,0,0,0,0,0
OTU_1439,2,0,0,20,0,0,0,0,0,0,0,0,0,0,0,0,0,0,0,0,0,0,0,0,0,0,0,0,0,0,0,0,0,0,0,0,0,0,0,0
OTU_1316,0,0,0,0,1,0,0,0,37,0,0,0,0,0,0,0,0,0,0,0,0,0,0,0,0,0,0,0,0,0,0,0,0,0,0,0,0,0,0,0
OTU_739,7,0,0,5,0,4,0,0,1,1,21,6,0,0,0,0,1,18,3,4,1,3,0,0,7,11,6,30,12,0,2,0,16,0,2,0,4,0,13,0
OTU_948,42,0,0,2,0,0,0,0,0,1,0,4,0,0,0,0,0,0,0,1,0,0,0,0,0,0,0,0,0,0,0,0,0,0,0,0,0,5,0,0
OTU_119,6,0,83,12,0,1,0,0,0,0,26,0,0,0,303,1,769,1,9,2,2,2,33,0,0,6,5,12,0,0,1,1,7,0,0,1,199,55,26,3
OTU_931,0,0,0,0,5,0,0,0,0,0,0,0,0,0,0,0,0,0,0,0,0,0,6,0,0,0,9,0,0,0,0,0,0,0,0,0,0,0,0,0
OTU_987,0,0,0,0,0,37,0,1,0,1,0,0,0,3,0,0,0,0,0,0,0,0,0,0,0,0,0,0,0,0,0,0,0,0,0,0,0,0,0,2
OTU_1212,2,0,0,0,0,0,9,0,0,0,0,0,0,0,0,0,0,0,0,0,0,0,0,0,0,0,0,0,0,0,0,7,0,0,0,0,0,0,0,0
OTU_980,0,0,0,1,22,0,7,0,0,0,0,0,0,0,0,0,0,0,0,0,0,0,0,0,0,4,0,0,0,0,0,0,0,0,0,0,0,4,0,0
OTU_657,50,0,0,8,0,0,4,0,0,1,0,8,0,0,0,0,0,7,0,0,0,0,0,0,0,0,0,1,0,8,0,5,0,0,0,0,0,5,0,1
OTU_371,0,2,0,0,1,0,1,0,0,0,0,0,0,25,0,0,0,0,0,0,0,0,0,256,0,0,4,0,0,0,0,0,0,0,0,0,15,0,0,4
OTU_759,0,33,0,0,0,0,0,0,0,0,0,0,0,1,0,0,0,0,0,0,0,0,0,0,0,0,0,0,0,0,0,0,0,0,0,0,0,0,0,0
OTU_924,23,0,0,0,0,0,0,0,0,1,13,0,0,0,0,0,0,0,0,0,0,0,0,0,0,0,0,0,0,1,0,0,0,0,0,0,0,0,0,0
OTU_435,0,10,0,0,0,0,0,48,0,1,11,1,0,76,0,0,0,0,0,0,0,0,0,0,0,0,0,0,0,0,0,0,0,0,0,0,0,0,0,0
OTU_730,1,1,0,0,0,0,0,0,0,0,0,1,0,27,0,0,0,0,0,0,0,0,0,0,0,4,0,0,0,0,0,0,0,0,0,0,0,0,0,0
OTU_365,0,0,0,0,0,0,0,1,0,0,104,0,11,1,0,0,0,0,0,0,0,0,0,0,0,0,0,0,0,0,0,0,0,0,0,0,0,0,0,0
OTU_508,1,0,0,4,0,0,0,1,0,0,39,0,0,0,3,0,0,0,0,0,0,0,0,0,5,39,0,15,0,0,0,0,18,0,0,0,0,0,0,0
OTU_600,0,5,0,0,1,0,0,20,0,0,0,0,5,26,0,0,0,0,0,0,0,0,0,1,0,0,0,0,0,0,0,0,0,0,0,0,0,0,0,0
OTU_579,0,0,0,0,0,30,0,0,0,0,0,0,0,0,0,0,0,0,0,0,0,0,0,0,0,0,0,0,0,0,0,0,0,0,0,0,0,0,0,0
OTU_556,0,0,29,0,0,0,0,0,0,0,0,0,0,0,1,0,0,0,0,0,0,0,0,0,0,0,2,0,0,0,0,0,0,0,0,0,0,0,0,0
OTU_891,0,21,0,0,0,0,4,0,0,0,1,0,0,6,0,0,0,0,0,0,0,0,0,0,0,0,0,0,0,0,0,0,0,0,0,0,0,0,0,0
OTU_603,18,0,0,52,0,0,0,0,0,0,15,0,0,0,0,0,0,1,14,0,1,0,0,0,1,76,0,0,0,0,0,0,0,0,0,0,0,0,0,0
OTU_645,0,0,0,0,14,0,9,0,41,0,0,1,0,0,0,0,0,0,0,0,0,0,0,0,0,0,0,0,0,0,0,0,0,0,0,0,0,0,0,0
OTU_941,0,0,0,0,0,35,0,0,0,0,0,0,0,0,0,0,0,0,0,0,0,0,0,0,0,0,0,0,0,0,0,0,0,0,0,0,0,0,0,0
OTU_1017,2,0,1,43,0,18,0,0,0,0,0,0,0,0,0,0,0,0,0,0,0,0,0,0,0,0,0,0,0,0,0,0,0,0,0,0,0,0,0,0
OTU_570,0,0,0,1,22,0,0,0,151,0,1,1,2,0,0,0,0,0,0,0,0,0,0,0,0,0,0,0,0,0,0,0,0,0,0,0,0,20,0,0
OTU_853,0,1,0,2,3,21,0,0,0,0,0,1,0,0,0,0,0,17,9,0,0,0,0,0,0,0,0,0,0,0,0,0,0,0,0,0,0,9,0,0
OTU_473,6,0,0,103,0,0,0,0,0,0,0,1,1,0,0,0,0,0,3,0,0,4,0,1,0,0,0,0,0,0,0,0,0,0,0,0,0,0,0,0
OTU_381,0,0,0,0,0,43,0,0,1,0,20,0,0,0,45,0,81,0,0,0,0,0,0,0,0,0,0,0,0,0,0,0,0,0,0,0,0,0,0,0
OTU_827,0,0,0,0,7,0,20,0,0,0,0,0,0,0,0,0,0,0,0,0,0,0,0,0,0,0,0,0,0,0,0,0,0,0,0,0,0,0,0,0
OTU_1251,0,3,0,0,5,0,0,0,0,0,0,0,0,0,0,0,0,0,0,0,0,0,0,0,0,0,0,0,0,0,0,0,0,0,0,0,0,0,0,0
OTU_388,26,0,0,26,0,0,0,0,0,6,0,0,0,0,13,0,12,0,0,0,0,0,1,0,3,233,0,26,0,0,0,18,188,0,0,0,0,2,0,0
OTU_921,0,0,0,0,0,35,0,0,0,0,18,0,0,0,0,0,0,0,0,0,0,0,0,0,0,5,0,0,0,0,0,0,0,0,0,0,0,0,0,0
OTU_211,0,0,0,0,0,20,0,0,0,0,32,0,0,0,1,0,0,0,342,0,0,0,0,0,0,0,0,0,0,0,0,0,0,0,0,1,0,0,38,0
OTU_960,39,0,0,8,0,0,1,0,0,0,0,0,1,0,0,0,0,0,0,0,0,0,0,0,3,0,0,0,0,3,0,3,0,0,0,0,0,0,0,0
OTU_611,1,0,0,0,0,54,0,0,0,1,10,0,0,0,0,0,1,0,1,0,0,0,1,0,0,0,0,0,0,0,0,4,0,1,0,0,0,3,0,0
OTU_1553,0,0,0,2,0,0,1,0,0,0,0,0,0,0,0,0,19,0,0,0,0,0,0,0,2,0,0,0,0,0,0,0,0,0,0,0,0,1,0,0
OTU_1000,5,3,0,1,0,0,2,0,6,0,0,0,0,0,0,0,0,5,0,0,0,0,0,0,0,0,0,0,0,0,0,2,0,0,1,0,0,1,0,0
OTU_914,3,6,0,0,0,0,0,0,0,0,0,0,0,14,0,0,0,0,0,0,0,0,0,0,0,0,0,2,0,0,0,0,0,0,0,0,0,0,0,1
OTU_1452,0,0,0,0,6,0,2,0,0,0,0,0,0,0,0,0,0,0,0,0,0,0,0,0,0,0,0,0,0,0,0,0,0,0,0,0,0,0,0,0
OTU_1043,0,13,0,0,0,0,0,0,0,0,0,0,0,2,0,0,0,0,0,0,0,0,1,0,0,0,0,0,0,0,0,0,0,0,0,0,0,0,0,0
OTU_303,0,0,0,1,0,0,0,0,0,0,5,0,0,0,0,0,22,23,0,1,0,21,0,28,40,17,60,131,0,0,19,1,107,0,215,0,1,0,52,6
OTU_503,0,0,0,0,0,45,0,0,0,0,0,0,0,0,0,0,0,14,19,0,0,0,0,0,1,30,0,0,0,0,0,0,0,0,0,0,0,0,0,0
OTU_1096,0,0,0,0,14,0,2,0,0,1,11,0,0,0,0,0,0,1,0,0,0,1,0,0,0,0,0,0,0,0,0,0,0,0,0,0,0,0,0,0
OTU_1001,0,0,0,0,18,0,1,0,0,0,6,0,0,0,0,0,0,0,0,0,0,5,1,2,0,6,0,0,0,0,0,0,0,0,0,0,0,2,0,0
OTU_564,15,3,71,46,0,0,1,0,0,0,6,0,0,5,0,0,0,0,0,0,0,0,0,0,0,0,0,0,0,0,0,0,0,0,1,0,0,0,0,0
OTU_1503,0,0,0,0,5,0,0,0,0,0,0,0,0,3,0,0,0,0,0,0,0,2,0,0,0,1,0,0,0,0,0,2,0,0,0,0,0,0,0,0
OTU_934,6,0,0,7,0,0,1,0,0,0,6,0,0,0,0,0,0,1,5,0,0,0,0,0,0,24,0,0,0,0,0,0,0,0,0,0,0,0,0,0
OTU_910,4,5,0,1,0,0,0,0,0,1,1,49,0,0,0,0,0,0,10,0,0,18,0,13,0,0,3,0,0,0,0,0,0,0,0,0,0,7,0,0
OTU_272,0,0,0,0,0,0,0,0,0,0,0,0,0,4,7,0,408,4,1,0,0,0,0,0,1,3,0,204,1,5,0,12,0,0,0,0,0,0,0,0
OTU_1107,0,0,10,0,0,0,0,0,0,0,0,0,0,0,0,0,0,0,0,0,0,0,0,0,0,0,0,0,0,0,0,0,0,0,0,0,0,0,0,0
OTU_621,32,59,0,11,0,0,4,0,0,9,0,0,0,0,6,0,6,13,8,0,0,0,1,0,0,24,0,0,1,0,0,69,7,0,0,0,0,53,0,0
OTU_820,0,0,0,0,0,14,0,0,0,0,16,0,0,0,1,0,1,0,0,0,0,0,0,0,0,0,0,0,0,0,0,0,0,0,0,0,0,0,0,0
OTU_1076,20,0,0,5,0,0,0,0,0,0,0,0,0,11,8,0,2,0,11,0,0,30,11,1,0,0,15,0,0,0,7,0,0,0,4,0,1,16,0,9
OTU_901,0,0,0,2,2,4,0,0,0,0,0,19,0,0,0,0,0,0,0,0,3,2,0,1,0,0,0,0,0,0,0,0,0,0,0,1,0,0,0,0
OTU_116,1,0,0,0,0,13,0,0,0,0,22,0,0,0,4,1,21,8,9,2,1,50,0,218,230,6,0,4,0,1,180,0,20,0,750,0,1,0,1027,72
OTU_647,0,0,0,0,6,0,19,0,1,0,0,0,0,0,0,0,0,0,0,0,0,0,0,0,0,0,0,0,0,0,0,0,0,0,0,0,0,0,0,0
OTU_688,0,0,63,0,0,0,1,0,0,0,3,0,0,0,0,0,1,6,0,0,0,0,0,2,29,21,0,0,0,0,1,0,74,0,1,0,4,0,0,0
OTU_1027,0,0,0,0,0,0,0,0,0,4,0,0,0,5,0,0,0,11,6,0,0,0,0,0,0,0,0,0,0,0,0,0,0,0,0,0,0,0,21,0
OTU_1185,17,0,0,0,0,0,0,0,0,1,0,0,0,0,0,0,0,0,0,0,0,0,0,0,25,0,0,0,0,0,0,0,16,0,1,0,9,0,0,0
OTU_710,0,0,0,0,0,0,0,0,0,0,28,0,0,0,0,0,0,0,0,0,0,0,0,0,0,0,0,0,0,0,0,0,0,0,0,0,0,0,0,0
OTU_1463,0,0,0,0,8,0,1,0,0,0,0,0,0,0,0,0,0,0,0,0,0,0,0,0,0,0,0,0,0,0,0,0,0,0,0,0,0,0,0,0
OTU_1141,0,4,0,0,13,0,0,0,0,0,0,0,0,1,0,0,0,0,0,0,0,0,0,0,0,0,0,0,0,0,0,0,0,0,0,0,0,0,0,0
OTU_562,0,0,67,0,0,0,0,0,0,0,0,0,0,0,0,0,0,0,0,0,0,0,0,0,0,0,2,0,0,0,0,0,0,0,0,0,0,0,0,0
OTU_470,14,0,0,14,0,0,0,0,0,0,1,9,5,1,0,0,11,9,3,95,8,2,2,92,0,6,1,6,1,0,5,0,9,0,14,0,0,0,0,26
OTU_769,0,1,0,0,6,0,22,0,3,0,0,0,0,0,0,0,0,0,0,0,0,0,0,0,0,0,0,0,0,0,0,0,0,0,0,0,0,0,0,0
OTU_463,1,0,7,0,0,0,0,0,0,0,15,0,0,0,0,0,8,0,1,0,0,0,4,0,0,1,7,59,0,0,1,0,0,0,0,0,1,0,0,0
OTU_1499,0,0,0,0,2,0,5,0,0,0,0,0,0,0,0,0,0,0,0,0,0,0,0,0,0,0,0,0,0,0,0,0,0,0,5,0,0,0,0,0
OTU_954,0,0,0,0,11,0,12,0,0,0,0,0,0,0,0,0,0,0,0,0,0,0,0,0,0,0,0,0,0,0,0,0,0,0,0,0,0,3,0,0
OTU_578,13,0,0,32,0,0,0,0,0,0,0,0,0,0,0,0,0,0,0,0,0,0,0,0,0,0,0,0,0,0,0,0,0,0,0,0,0,0,45,30
OTU_1201,0,0,0,0,0,0,0,0,0,0,12,0,0,0,0,0,0,0,0,0,0,0,0,0,0,0,0,0,0,0,0,0,0,0,0,0,0,0,0,0
OTU_1407,0,3,0,0,0,0,0,0,0,4,0,0,0,0,0,0,0,0,0,0,0,0,0,0,0,0,0,0,0,0,0,0,7,0,0,0,0,0,0,0
OTU_833,13,0,0,1,0,0,0,0,0,1,0,0,0,0,0,0,0,1,0,0,0,0,0,0,3,0,0,0,0,0,0,1,0,0,1,0,0,1,0,0
OTU_648,0,3,20,0,1,0,0,0,0,0,1,0,0,96,0,0,0,0,0,0,0,0,0,0,0,0,0,0,0,0,0,0,0,0,0,0,0,0,0,0
OTU_292,0,0,16,0,1,11,0,0,0,0,17,0,0,0,0,0,0,0,1,0,0,0,0,0,347,60,0,1,0,0,7,0,134,0,75,1,0,0,30,0
OTU_813,11,0,0,28,1,0,0,0,0,0,0,0,0,0,0,0,0,0,0,0,0,0,0,0,0,0,1,0,0,0,1,0,0,0,0,0,0,0,0,0
OTU_487,1,2,0,0,107,0,19,0,4,0,0,0,0,0,0,0,0,0,0,0,0,25,0,0,0,0,0,0,0,0,0,3,0,0,0,0,0,0,0,0
OTU_731,17,0,0,0,0,0,0,0,0,0,0,0,0,0,0,0,0,0,0,0,0,0,0,0,0,0,0,0,0,0,0,0,0,0,0,0,0,32,0,0
OTU_928,4,3,0,4,0,0,0,0,0,0,7,0,0,0,1,0,0,0,0,0,0,0,0,2,2,0,0,0,0,0,1,0,0,12,0,0,0,0,23,0
OTU_950,0,0,0,0,1,0,0,0,0,0,0,0,20,0,0,0,0,0,0,0,0,0,0,0,0,0,0,0,0,0,0,0,0,0,0,0,0,0,0,0
OTU_1329,7,0,0,0,1,0,6,0,0,0,0,0,0,0,0,0,0,0,0,0,0,0,0,0,0,0,0,0,0,0,0,0,0,0,0,0,2,0,0,0
OTU_1380,0,0,0,0,0,0,0,0,0,0,1,0,0,41,0,0,0,0,0,0,0,0,0,0,0,0,0,0,0,0,0,0,0,0,0,0,0,0,0,0
OTU_793,9,0,0,0,0,0,0,0,0,0,0,0,0,0,0,0,0,1,0,0,0,0,0,0,0,0,0,0,0,0,0,0,0,0,0,0,0,0,0,0
OTU_184,3,0,0,8,0,25,6,0,0,0,16,0,0,0,2,0,4,7,1,6,1,3,1,0,646,76,0,12,0,0,22,0,65,0,6,0,1,0,0,0
OTU_700,0,6,0,0,0,0,1,0,0,0,0,0,0,2,0,0,0,0,0,0,0,0,0,7,0,0,4,0,1,0,0,0,0,0,0,0,26,0,0,17
OTU_451,0,0,79,0,0,0,0,0,0,0,0,0,0,0,0,0,0,0,0,0,0,0,0,0,0,0,0,0,0,0,0,0,0,0,0,0,0,0,0,0
OTU_694,0,0,29,0,0,0,0,0,0,0,0,0,0,0,0,0,0,0,0,0,0,0,0,0,0,0,0,0,0,0,0,0,0,0,0,0,0,0,0,0
OTU_835,18,0,0,0,0,0,0,0,0,0,0,0,0,0,0,0,0,0,0,0,0,0,0,0,0,0,0,0,0,0,0,0,0,0,0,0,0,0,0,0
OTU_787,0,16,0,0,0,0,0,0,0,0,0,0,0,4,0,0,0,0,0,0,0,33,0,6,0,0,0,0,0,0,3,0,0,0,0,0,0,0,0,0
OTU_580,0,0,0,0,0,0,0,8,0,0,0,0,1,2,0,0,0,0,0,0,59,4,12,6,0,0,11,0,0,0,0,0,0,0,0,1,1,0,0,71
OTU_1222,0,0,0,0,11,0,0,0,13,0,0,0,0,0,0,0,0,0,0,0,0,0,0,0,0,0,0,0,0,0,0,0,0,0,0,0,0,0,0,0
OTU_1403,0,0,0,0,0,0,0,0,0,0,12,0,0,0,0,0,0,0,0,0,0,0,0,0,0,0,0,0,0,0,0,0,0,0,0,0,0,0,0,0
OTU_992,19,0,0,0,0,0,1,0,0,4,0,0,0,0,0,0,0,0,0,0,0,7,0,0,5,0,0,0,0,0,1,7,0,0,0,0,0,0,0,0
OTU_1005,0,0,0,0,0,7,0,0,0,0,0,0,0,0,0,0,0,0,0,0,0,0,11,0,0,0,1,0,0,0,0,1,0,0,0,0,13,0,0,0
OTU_1539,0,12,0,0,0,0,0,0,0,0,0,0,0,0,0,0,0,0,0,0,0,0,0,0,0,0,0,0,0,0,0,0,0,0,0,0,0,0,0,0
OTU_443,0,0,80,0,0,0,0,0,0,1,0,0,2,0,0,0,0,0,0,0,0,0,0,0,0,0,0,0,0,0,0,0,0,0,0,0,0,0,0,0
OTU_698,0,32,0,0,8,0,0,0,0,0,0,0,0,29,1,0,2,0,0,0,0,0,0,0,0,0,0,0,0,0,0,0,0,0,1,0,0,0,0,22
OTU_672,0,0,0,0,0,0,0,0,0,0,24,0,0,0,0,0,1,0,0,0,0,0,0,0,0,0,0,0,0,0,0,0,62,0,0,0,0,0,0,0
OTU_1138,0,0,0,0,8,0,8,0,0,0,0,0,0,0,0,0,0,0,0,0,0,0,0,0,0,0,0,0,0,0,0,0,0,0,0,0,0,0,0,0
OTU_1267,0,0,0,5,0,0,0,0,0,0,0,0,0,0,0,0,0,0,0,0,0,0,0,0,0,0,0,0,0,11,0,6,0,0,0,0,0,3,0,0
OTU_871,5,0,0,0,9,0,7,0,0,0,0,0,0,0,0,0,0,0,0,0,0,0,0,0,0,0,0,0,0,3,0,0,0,0,0,0,0,7,0,0
OTU_584,0,0,43,0,0,0,0,0,0,1,0,0,0,0,0,0,0,0,0,0,0,0,0,0,0,0,0,0,0,0,0,0,0,0,0,0,0,0,0,0
OTU_1416,0,0,0,0,0,0,0,5,0,0,0,0,0,0,0,0,0,0,0,0,0,0,0,0,0,0,0,0,0,0,0,0,0,0,0,0,0,0,0,0
OTU_29,0,0,0,0,0,23,0,0,0,0,0,0,0,0,3,0,2,1,0,2,0,2,0,0,1,1,3,1,1,4435,1,0,0,0,0,0,0,0,1,0
OTU_90,0,0,0,0,0,176,0,0,0,0,0,0,2,0,628,0,327,0,0,0,0,0,259,5,0,1,126,0,0,1,1,0,0,0,0,2,0,2,0,51
OTU_843,0,0,0,0,0,25,0,0,0,0,0,0,0,0,0,0,0,0,0,0,0,0,0,0,0,0,0,0,0,0,0,0,0,0,0,0,0,0,0,0
OTU_825,0,1,0,0,10,0,8,0,0,0,0,0,0,6,1,0,7,0,0,0,0,0,0,0,0,0,0,0,0,0,0,0,0,0,0,0,0,0,0,0
OTU_574,11,0,0,0,0,0,2,0,0,1,7,14,0,0,0,0,0,1,0,4,14,3,0,33,21,0,1,4,0,0,3,11,0,4,74,0,1,6,57,4
OTU_1021,2,0,0,0,2,0,0,0,0,0,0,0,0,0,0,0,1,6,0,0,3,1,0,1,11,0,2,0,0,0,0,0,20,6,0,0,1,0,24,4
OTU_1501,0,0,0,0,14,0,6,0,0,0,0,0,0,0,0,0,0,2,0,0,0,0,0,1,0,0,0,0,0,0,0,0,1,0,11,0,1,0,0,0
OTU_939,4,0,0,0,0,0,0,0,0,2,0,0,0,0,0,0,0,0,1,0,0,1,10,2,0,0,8,0,0,0,4,0,0,0,0,0,0,19,0,0
OTU_561,28,1,0,8,0,0,1,0,0,0,0,0,0,0,0,0,0,60,0,0,0,3,0,0,0,0,0,0,0,0,4,2,0,0,0,0,0,47,1,0
OTU_1184,8,0,0,7,7,0,6,0,0,0,0,0,0,0,0,0,0,0,2,0,0,0,0,0,0,0,0,0,0,0,0,0,0,0,0,0,0,0,0,0
OTU_619,0,0,0,0,13,0,57,0,2,0,0,0,0,0,0,0,0,0,0,0,0,0,0,0,0,0,0,0,0,0,0,0,0,0,0,0,0,0,0,0
OTU_258,0,0,0,0,0,0,0,0,0,0,22,0,0,21,321,1,135,0,29,0,0,8,0,0,0,0,0,1,0,0,2,0,0,0,0,1,0,0,9,0
OTU_1199,1,0,0,3,0,0,0,0,0,0,0,0,0,0,0,0,0,0,0,0,0,0,0,0,0,0,0,0,0,0,0,0,0,0,0,0,0,0,0,0
OTU_427,0,0,0,0,61,0,6,0,0,0,0,0,0,7,0,0,0,0,0,0,0,94,4,0,0,0,0,0,0,0,1,0,0,0,0,0,0,0,0,0
OTU_1009,11,0,0,8,0,0,0,0,0,0,0,0,0,0,0,0,0,0,0,0,0,0,0,0,0,1,0,0,0,0,0,0,0,0,0,0,0,0,0,0
OTU_1128,0,7,0,0,0,0,0,0,0,0,0,0,0,10,0,0,0,0,0,0,0,0,5,2,0,0,11,1,0,0,0,3,0,0,0,0,0,0,0,0
OTU_602,0,0,0,0,31,0,4,0,0,0,0,0,1,0,0,0,0,0,0,0,0,0,2,0,0,0,4,0,0,0,0,0,0,0,0,0,0,0,0,0
OTU_1450,0,3,0,0,0,0,0,0,0,0,0,0,0,0,0,0,0,0,0,0,0,0,0,0,0,0,12,0,0,0,0,0,0,0,0,1,0,0,0,0
OTU_542,0,41,0,0,1,0,0,1,0,0,0,1,0,15,0,0,0,0,0,0,0,0,0,0,0,0,0,0,0,0,0,0,0,0,0,0,0,0,0,0
OTU_1319,0,0,0,4,0,0,0,3,0,0,0,11,0,0,0,0,0,0,0,0,0,0,0,0,0,0,0,0,10,0,0,0,0,0,0,0,0,0,0,0
OTU_1099,0,0,0,0,0,0,0,0,0,0,0,0,0,4,0,0,0,0,0,0,0,0,0,0,0,0,0,0,0,0,3,0,0,0,0,0,0,0,0,0
OTU_1344,1,1,14,15,3,0,0,0,0,0,0,0,0,25,0,0,1,0,0,0,0,8,11,1,0,0,2,0,0,0,0,0,0,0,0,0,0,0,0,1
OTU_193,12,0,0,4,0,0,0,1,0,0,0,0,0,0,0,0,0,68,428,1,0,0,13,1,0,3,3,0,0,0,0,0,0,0,0,0,1,5,156,11
OTU_359,1,0,0,15,0,0,0,0,0,0,0,0,0,4,0,0,0,0,0,0,2,0,56,0,1,0,30,0,0,0,0,0,0,0,0,0,5,0,0,94
OTU_234,0,6,0,0,0,0,0,0,0,0,0,0,0,2,0,0,1,1,0,1,0,0,461,0,0,0,292,2,0,0,0,0,0,0,0,0,1,0,0,1
OTU_1384,0,2,0,0,3,0,3,0,0,0,0,0,0,21,1,0,1,0,0,0,0,0,0,0,0,0,0,0,0,0,0,0,0,0,0,0,0,0,0,4
OTU_675,0,0,0,0,0,24,0,0,0,0,0,0,0,0,15,0,14,0,0,0,0,0,0,0,0,0,0,12,0,0,0,0,0,0,0,0,0,0,0,0
OTU_402,4,1,0,0,9,0,8,0,4,4,0,0,0,0,0,0,0,0,0,0,0,4,0,0,0,0,0,0,0,3,0,84,0,0,0,0,0,0,0,0
OTU_1065,0,0,0,0,0,22,0,0,0,0,20,0,0,0,0,0,0,9,13,0,0,0,2,0,0,0,0,0,0,0,0,7,0,0,0,0,0,0,0,0
OTU_862,2,1,0,8,0,0,0,0,0,0,0,0,0,23,0,0,0,0,0,0,0,0,0,0,0,0,0,0,0,0,0,0,0,0,0,0,0,0,0,0
OTU_1044,0,0,0,0,13,0,0,0,0,0,0,0,0,0,0,0,0,0,0,0,0,0,1,0,0,0,0,0,0,0,0,0,0,0,0,0,0,0,0,0
OTU_1492,0,0,0,0,0,0,0,0,0,0,9,0,0,0,0,0,0,0,0,0,0,0,0,0,0,0,0,0,0,0,0,0,0,0,0,0,0,0,0,0
OTU_549,0,0,1,0,6,1,30,0,0,0,0,0,0,0,0,0,0,0,0,0,0,0,0,0,0,0,0,0,0,0,0,0,0,0,0,0,0,0,0,0
OTU_506,24,8,0,0,0,0,0,0,0,2,0,0,0,0,18,0,26,1,0,0,0,58,0,0,0,77,0,17,1,0,14,0,23,0,10,1,1,0,0,0
OTU_1237,8,0,0,1,0,0,0,0,0,1,0,3,0,0,0,0,0,1,36,0,0,0,0,0,0,0,0,0,0,0,0,0,3,0,1,0,1,2,33,0
OTU_878,0,0,0,0,16,0,0,0,0,0,0,0,0,0,0,0,0,0,0,0,0,0,1,0,0,0,0,0,0,0,0,0,0,0,0,0,0,0,0,0
OTU_856,5,0,0,30,0,0,0,0,0,0,0,0,0,0,0,0,0,0,0,0,0,0,0,0,0,0,0,0,0,0,0,0,0,0,0,0,0,0,0,0
OTU_865,0,0,0,0,0,0,0,0,0,0,7,0,0,0,0,0,4,0,0,0,0,16,0,0,0,0,1,0,0,0,2,0,0,0,0,0,0,0,0,0
OTU_830,11,0,0,3,0,0,0,0,0,8,0,0,0,0,0,0,0,4,1,0,0,0,0,0,0,9,0,3,0,0,0,12,0,0,0,0,0,12,0,0
OTU_1091,0,6,0,0,0,0,0,0,0,0,0,0,0,0,0,0,0,0,0,0,0,0,0,0,0,0,0,0,0,0,0,0,0,0,0,0,0,0,0,0
OTU_1012,0,3,0,20,0,0,0,0,0,0,0,0,0,0,0,0,0,0,0,0,0,0,1,0,0,0,0,0,0,0,0,0,0,1,0,0,0,0,0,0
OTU_890,0,17,0,0,0,0,1,0,0,0,0,0,0,0,0,0,0,0,0,0,0,0,0,0,0,0,0,0,0,0,0,0,0,0,0,0,0,0,0,0
OTU_1187,0,0,0,0,0,0,0,0,0,0,6,0,0,0,0,0,0,0,0,0,0,0,0,0,0,0,0,0,0,0,0,0,0,0,0,0,0,0,0,0
OTU_1422,2,0,0,0,0,0,0,0,0,0,0,0,0,0,0,0,0,0,5,0,0,5,2,1,0,0,0,0,0,0,8,0,0,0,0,0,0,0,0,0
OTU_1059,0,2,0,0,6,2,0,0,0,3,0,0,0,0,0,0,5,1,2,0,0,0,0,0,0,0,1,5,0,0,0,0,0,0,0,0,0,2,0,0
OTU_1054,0,0,0,0,0,0,0,0,0,0,6,0,0,0,0,0,0,0,0,0,0,0,0,0,0,0,0,0,0,0,0,0,0,0,0,0,0,0,0,0
OTU_1243,0,0,0,8,0,0,0,0,0,0,0,0,0,0,0,0,0,0,0,0,0,0,0,0,0,0,0,0,0,0,6,0,11,1,0,0,7,0,0,0
OTU_870,5,0,0,2,3,0,0,0,0,0,0,0,0,0,0,0,0,0,0,0,0,10,0,0,0,0,0,0,0,0,0,0,0,0,0,0,0,0,0,0
OTU_376,0,0,0,0,5,0,0,0,0,0,31,1,0,0,0,0,0,56,3,0,0,1,2,0,0,21,0,1,0,0,0,1,189,0,0,0,0,0,0,0
OTU_1161,3,0,0,0,0,0,1,0,0,0,0,0,0,12,0,0,0,0,0,0,0,0,1,0,0,0,1,0,0,0,0,0,0,0,0,0,0,0,0,0
OTU_1397,0,0,0,0,0,0,0,0,0,0,0,0,0,6,0,0,3,0,0,0,0,0,0,0,0,0,0,0,0,0,0,0,0,0,0,0,0,0,0,0
OTU_1309,0,0,0,9,0,1,0,0,0,0,0,0,0,4,0,0,0,0,0,0,0,1,0,0,0,0,0,0,0,0,0,0,0,0,0,0,0,0,0,0
OTU_744,71,1,0,3,0,0,0,0,0,0,0,0,0,0,0,0,0,0,0,0,0,0,0,0,0,0,0,0,0,0,0,0,0,0,0,0,0,0,1,0
OTU_990,0,0,0,0,0,0,0,8,0,0,0,0,0,8,0,0,0,0,0,0,0,0,0,0,0,0,0,0,0,0,0,0,0,0,0,0,0,0,0,0
OTU_1223,22,0,0,0,3,0,5,0,0,0,0,0,0,0,0,0,1,0,3,0,0,2,0,0,0,5,0,0,0,3,0,0,0,0,0,0,0,3,0,0
OTU_181,0,0,0,0,0,0,0,0,0,0,0,0,0,17,0,0,0,2,0,1,1,14,630,2,0,0,486,0,15,0,6,0,1,0,9,1,27,0,0,41
OTU_1164,0,14,0,0,0,0,0,0,0,0,2,0,0,21,0,1,0,4,0,0,0,0,0,125,222,2,2,0,0,0,2,0,0,0,0,0,0,0,0,44
OTU_585,0,0,0,0,11,0,0,0,0,0,0,0,0,0,0,0,0,0,0,0,0,0,0,0,49,68,0,0,0,0,0,0,0,0,0,0,0,0,0,0
OTU_1556,1,0,0,0,1,0,1,0,0,4,0,2,0,0,1,0,0,0,4,0,0,0,0,1,0,0,0,0,0,0,5,1,0,0,0,0,8,0,0,0
OTU_1364,0,0,0,0,0,6,0,0,0,0,0,0,0,0,0,0,0,0,0,0,0,0,0,0,0,0,0,0,0,0,0,0,0,0,0,0,0,0,0,0
OTU_1115,0,0,0,0,0,0,0,0,0,0,0,0,0,12,0,0,0,0,0,0,0,1,0,12,0,0,0,0,0,0,0,0,0,0,0,0,0,0,0,3
OTU_1541,0,3,0,0,0,0,0,0,0,0,0,0,0,2,0,0,0,0,0,0,0,4,6,0,0,0,0,2,0,0,0,0,0,0,0,0,2,0,0,0
OTU_1260,1,0,0,3,0,0,1,0,0,0,0,0,0,0,0,0,0,0,0,0,0,0,0,0,0,0,0,0,0,0,0,0,0,0,0,0,0,3,0,0
OTU_1351,0,25,0,0,0,0,0,0,0,0,0,0,0,0,0,0,0,0,0,0,0,0,0,0,0,0,0,0,0,0,0,0,0,0,0,0,0,0,0,0
OTU_903,8,0,0,0,0,0,0,0,0,1,0,0,0,0,0,0,0,0,0,0,0,0,0,0,0,0,0,0,0,0,0,15,0,0,1,0,0,0,0,0
OTU_767,0,0,0,0,23,0,0,0,0,0,0,0,0,0,0,0,0,0,0,0,0,0,0,0,0,0,0,0,0,0,0,0,0,0,0,0,0,0,0,0
OTU_552,0,1,0,0,0,0,0,0,0,0,0,0,0,16,0,0,0,0,0,0,0,0,0,2,0,0,0,0,0,0,0,0,0,0,0,0,0,0,0,64
OTU_1030,23,0,0,6,0,0,0,0,0,0,0,0,0,0,0,0,0,0,0,0,0,0,0,0,0,0,0,0,0,1,0,4,0,0,0,0,0,5,0,0
OTU_630,4,0,0,0,0,0,0,0,0,2,10,0,0,0,0,0,0,0,0,0,0,0,0,0,0,0,1,0,0,0,0,29,0,0,0,0,0,65,0,0
OTU_1246,1,0,0,4,1,0,4,0,0,1,0,3,0,12,3,0,0,1,0,2,0,9,17,0,0,0,0,0,3,2,3,0,0,0,0,0,0,0,0,0
OTU_1200,0,0,0,0,0,12,0,0,0,0,0,0,0,0,0,0,0,0,0,0,0,0,0,0,0,0,0,0,0,0,0,0,0,0,0,0,0,0,0,0
OTU_1146,0,4,0,0,0,0,4,0,1,0,0,0,0,0,0,0,0,15,0,0,0,0,0,0,0,0,0,2,1,0,3,0,0,0,0,0,2,0,0,0
OTU_1360,0,0,0,0,0,7,0,0,0,0,3,0,0,0,0,0,0,0,0,0,0,0,0,0,0,0,0,0,0,0,0,0,0,0,0,0,0,0,0,0
OTU_1002,0,0,0,0,0,26,0,0,0,0,0,0,0,0,0,0,0,0,0,0,0,0,0,1,0,0,0,0,0,0,0,0,0,0,0,0,0,0,0,5
OTU_1028,0,0,0,0,8,0,9,0,5,0,0,0,0,0,0,0,0,0,0,0,0,0,0,0,0,0,0,0,0,0,0,0,0,0,0,0,0,0,0,0
OTU_201,0,0,0,0,0,0,0,0,0,0,9,0,0,0,1,0,14,0,0,5,0,31,0,0,7,0,0,0,0,1,91,0,0,0,286,0,0,0,0,0
OTU_877,0,0,0,7,0,0,0,0,0,0,8,0,0,0,0,0,0,0,0,0,0,0,0,0,0,0,0,3,0,0,0,0,0,0,0,0,0,3,0,0
OTU_904,2,0,0,0,0,0,0,0,0,0,0,0,0,0,0,0,0,0,0,0,0,5,0,0,0,0,0,0,0,0,0,0,0,0,0,0,0,0,0,0
OTU_1062,0,0,0,0,1,0,4,0,0,0,0,0,0,0,0,0,0,0,0,0,0,0,0,0,0,0,0,0,0,0,0,0,0,0,0,0,0,0,0,0
OTU_1193,0,0,0,0,4,0,0,0,0,0,0,0,0,0,0,0,0,0,0,0,0,0,0,0,0,5,0,0,0,0,0,2,0,0,0,0,0,0,0,0
OTU_1257,0,0,0,0,0,9,0,0,0,0,0,0,0,0,0,0,0,0,0,0,0,0,0,0,0,0,0,0,0,0,0,0,0,0,0,0,0,0,0,0
OTU_1444,0,0,0,0,0,0,0,0,0,0,0,0,0,7,0,0,0,0,0,0,0,0,0,0,0,0,0,0,0,0,0,0,0,0,0,0,0,0,0,0
OTU_1013,0,0,0,0,21,7,0,0,0,0,14,0,0,1,0,0,0,0,0,0,0,0,0,2,0,0,0,0,0,0,0,0,0,0,0,0,0,2,0,0
OTU_1295,0,0,0,0,0,0,0,0,0,9,0,1,0,0,0,0,0,0,0,0,0,0,0,0,0,79,0,0,0,0,0,0,0,0,0,0,0,0,0,0
OTU_1525,13,0,0,0,0,0,0,0,0,0,0,0,0,0,0,0,0,0,0,0,0,0,0,0,0,0,0,0,0,0,0,0,0,0,0,0,0,0,0,0
OTU_3,0,0,0,0,0,0,0,0,0,0,21,0,0,0,34422,2,1203,6,1,48,9,3,6,3,10,6,5,643,7,2,5,7,11,1,6,9,8,7,11,4
OTU_911,0,0,0,0,0,0,0,0,0,0,0,0,5,0,1,0,0,0,19,6,0,1,0,0,0,0,0,0,1,0,0,0,0,0,0,0,0,0,0,0
OTU_379,0,0,0,0,0,0,0,0,0,0,0,0,0,7,0,0,0,0,0,0,23,0,45,32,0,1,39,0,2,0,0,0,0,0,0,0,1,0,0,86
OTU_634,0,0,0,0,0,0,0,7,0,1,0,0,0,0,0,0,0,0,0,0,66,0,0,0,0,0,0,0,0,0,0,0,0,0,0,0,0,0,0,0
OTU_1390,7,0,0,0,0,0,0,0,0,0,0,0,0,0,0,0,0,9,0,0,0,0,0,0,0,0,0,0,0,0,0,0,0,0,0,0,0,0,0,0
OTU_894,4,0,0,7,21,0,5,0,0,0,0,0,0,0,0,0,0,0,0,0,0,0,0,0,0,0,0,0,0,0,0,0,0,0,0,0,0,0,0,0
OTU_702,0,0,13,0,0,0,0,0,0,0,0,0,0,0,0,0,0,0,0,0,0,0,4,0,0,0,0,0,0,0,0,0,0,0,0,0,1,0,0,1
OTU_1231,3,0,0,10,0,0,0,0,0,1,0,0,0,0,0,0,0,0,0,0,0,0,0,0,0,0,0,0,0,0,0,0,0,0,0,0,0,0,0,0
OTU_785,0,0,0,0,16,0,4,0,0,0,0,0,0,4,0,0,0,0,0,0,0,0,1,0,0,0,0,0,0,0,0,0,0,0,0,0,0,0,0,0
OTU_1191,0,0,0,0,0,0,0,0,1,0,4,0,0,5,0,0,0,0,0,0,0,0,0,0,0,0,0,0,0,0,0,0,0,0,0,0,0,0,0,0
OTU_1101,0,0,0,0,7,0,1,0,0,3,0,0,0,0,0,0,0,0,5,0,0,0,0,0,0,0,0,0,0,0,0,0,0,0,0,0,0,10,0,0
OTU_1290,17,0,0,0,0,0,4,0,0,0,0,0,0,0,0,0,0,0,0,0,0,0,0,0,0,0,0,0,0,0,0,0,0,0,0,0,2,0,0,0
OTU_1431,0,0,0,0,0,0,0,0,0,2,0,0,0,0,0,0,0,0,0,0,0,0,0,0,0,0,0,0,0,0,0,0,0,5,0,0,0,0,0,0
OTU_428,0,0,0,0,0,0,0,1,0,0,0,0,0,0,0,0,0,0,0,1,12,0,0,0,0,0,0,0,155,0,0,0,0,0,0,0,0,0,0,0
OTU_778,2,0,0,0,0,0,0,0,0,15,0,0,0,0,0,0,0,20,4,0,0,0,0,0,0,0,0,0,0,0,0,53,0,0,0,0,0,23,0,0
OTU_1456,13,0,0,0,0,1,0,0,0,0,0,0,0,24,1,0,0,0,0,3,0,2,0,0,0,0,6,0,0,0,1,0,0,0,0,0,0,0,0,0
OTU_1050,1,0,0,0,0,0,0,0,0,3,0,0,0,0,0,0,0,0,0,0,0,0,0,0,0,0,0,0,0,0,0,1,0,14,0,0,0,0,0,0
OTU_1420,0,9,0,0,0,0,1,0,0,0,0,0,0,0,0,0,0,0,0,0,0,0,0,0,0,0,0,0,0,0,0,0,0,0,0,0,0,0,0,0
OTU_1354,0,4,0,0,0,0,0,0,0,0,0,0,0,0,1,0,7,0,0,0,0,0,0,0,0,0,0,0,0,0,0,0,0,0,0,0,0,0,0,0
OTU_961,8,0,0,0,0,0,0,0,0,0,0,0,0,0,0,0,1,2,3,0,0,1,0,0,0,0,0,0,0,0,4,0,0,0,0,0,0,17,0,0
OTU_1554,1,0,0,0,0,0,0,0,0,0,0,0,0,8,0,0,0,0,0,0,0,0,1,0,0,0,0,0,0,0,0,0,0,0,0,0,0,0,0,0
OTU_1058,2,0,0,42,0,1,0,0,0,0,0,0,0,0,0,0,0,0,0,0,0,0,0,0,0,0,0,0,0,0,0,0,0,0,0,0,0,0,0,4
OTU_1347,0,0,0,0,0,6,0,0,0,0,14,0,0,0,0,0,0,0,0,0,0,0,0,0,0,0,0,0,0,0,0,0,0,0,0,0,0,0,0,0
OTU_1348,0,0,0,0,3,11,0,1,0,0,0,0,0,0,0,0,2,0,0,0,0,0,0,0,0,3,0,2,0,0,2,0,0,0,0,0,0,0,3,0
OTU_851,2,0,0,7,0,0,0,0,0,0,0,0,0,0,0,0,0,0,0,0,0,0,0,0,0,0,0,0,0,0,0,5,0,0,0,0,0,12,0,0
OTU_681,3,0,0,0,0,0,0,0,0,0,0,0,0,2,1,0,5,0,41,0,0,4,1,0,0,0,10,16,0,1,2,1,0,0,3,0,0,0,0,0
OTU_1507,0,0,0,0,0,0,0,0,9,0,0,0,0,0,0,0,0,0,0,0,0,0,0,0,0,0,0,0,0,0,0,0,0,0,0,0,0,0,0,0
OTU_1241,0,0,0,4,0,2,0,0,0,0,0,0,0,0,0,0,0,0,0,0,0,1,0,0,0,0,0,0,0,0,0,0,0,0,0,0,0,0,0,0
OTU_888,3,1,4,5,13,0,0,0,0,3,16,0,0,13,3,0,0,0,10,0,0,0,0,0,0,0,0,0,0,0,0,0,0,0,0,0,0,0,0,0
OTU_758,15,2,0,4,8,0,2,0,0,2,0,0,0,3,0,0,0,0,0,0,0,0,24,0,0,0,1,0,0,0,0,0,0,0,0,0,1,1,0,0
OTU_1213,0,0,0,0,6,0,0,0,0,0,0,0,0,3,0,0,0,0,0,0,0,0,0,0,0,0,0,0,0,0,0,0,0,0,0,0,0,0,0,0
OTU_421,1,0,0,0,0,0,0,0,0,0,0,0,0,0,2,0,0,22,2,0,0,10,0,0,0,0,0,4,0,0,127,0,0,0,0,0,0,0,0,0
OTU_1332,2,0,0,9,0,0,0,0,0,0,0,0,0,0,0,0,0,0,0,0,0,0,0,0,0,1,0,0,0,0,1,0,0,0,0,0,0,0,0,0
OTU_705,0,0,0,0,0,0,0,0,0,15,0,0,0,0,0,0,0,35,0,0,0,0,0,0,1,0,0,0,0,0,0,0,0,0,0,0,0,0,0,0
OTU_182,14,0,0,0,0,0,0,0,0,0,3,0,0,0,0,0,0,0,0,0,0,3,0,0,478,3,0,0,0,1,4,0,0,0,2,0,0,0,0,0
OTU_1513,0,2,0,5,0,0,0,0,0,0,0,0,0,0,0,0,0,0,0,0,0,0,0,0,0,0,0,1,0,0,0,6,0,0,0,0,0,0,0,0
OTU_1311,0,13,0,0,0,1,4,0,0,0,0,0,0,2,2,0,1,0,0,0,0,0,1,0,0,0,0,3,0,0,11,0,0,0,0,0,2,7,3,0
OTU_971,0,8,0,0,0,0,0,0,0,0,0,0,0,10,0,0,0,0,0,0,0,0,0,0,0,0,0,0,0,0,0,0,0,0,0,0,0,0,0,0
OTU_1510,0,16,0,0,0,0,2,0,4,0,0,0,0,0,0,0,0,0,0,0,0,0,0,0,0,0,0,0,0,0,0,0,0,0,0,0,0,0,0,0
OTU_1520,7,0,0,3,0,0,0,0,0,0,0,0,0,0,0,0,0,1,3,0,0,0,0,0,0,0,0,0,0,0,0,0,0,0,0,0,0,0,0,0
OTU_1409,0,0,0,0,0,0,0,0,0,6,0,0,0,0,0,0,0,0,0,0,0,0,0,0,0,0,0,0,0,0,0,0,0,0,0,0,0,0,0,0
OTU_1478,0,17,0,0,0,0,0,0,0,0,0,0,0,0,0,0,0,0,0,0,0,0,0,0,0,0,0,0,0,0,0,0,0,0,0,0,0,0,0,0
OTU_988,6,0,0,0,0,0,0,0,0,0,0,0,0,0,0,0,0,0,0,0,0,0,0,0,0,0,0,0,0,0,0,0,0,0,0,0,0,1,0,0
OTU_725,5,0,0,0,0,0,0,0,0,0,0,0,0,0,3,0,2,0,5,0,0,34,9,0,0,0,8,0,0,0,1,0,0,0,0,0,0,0,0,1
OTU_1291,0,0,0,7,0,0,0,0,0,0,0,0,0,0,0,0,0,0,3,0,0,0,0,0,0,0,0,0,0,0,3,0,0,0,0,0,0,0,0,0
OTU_1232,0,0,0,0,6,0,0,0,0,0,0,0,0,0,0,0,0,0,0,0,0,0,0,0,0,0,0,0,0,7,0,0,0,0,0,0,0,0,0,0
OTU_80,0,1,0,0,0,0,0,0,0,0,11,0,0,0,72,0,6,0,0,1,1686,0,79,0,0,0,2,3,263,0,0,0,1,0,1,0,2,0,0,24
OTU_1171,0,0,0,0,0,10,0,0,0,0,6,0,0,0,0,0,0,0,0,0,0,0,0,0,0,0,0,0,0,0,0,0,0,0,0,0,0,0,0,0
OTU_1150,4,2,0,1,0,0,0,0,0,0,0,0,0,0,0,0,0,0,0,0,0,0,0,0,0,0,0,0,0,0,0,0,0,0,0,0,0,0,33,0
OTU_1015,2,0,0,0,1,0,0,0,0,0,0,0,0,0,0,0,0,0,0,0,0,0,0,0,0,0,0,0,0,0,0,12,0,0,0,0,0,20,0,0
OTU_1530,0,0,0,0,0,0,0,0,0,1,0,0,0,9,0,0,0,0,0,0,0,0,0,0,0,0,0,0,0,0,0,0,0,0,0,0,0,10,0,0
OTU_734,0,0,0,0,0,0,0,0,0,1,0,3,0,0,0,0,0,0,0,0,0,0,0,0,0,0,0,0,0,0,0,0,0,0,0,0,0,0,16,0
OTU_761,0,0,0,0,0,0,0,0,0,0,17,0,0,0,0,0,2,0,3,0,0,24,4,0,0,0,2,0,0,1,4,0,0,0,0,0,0,0,0,0
OTU_1071,0,0,0,0,4,0,0,0,0,18,0,0,0,0,0,0,0,0,0,0,0,9,0,0,3,0,0,0,0,0,8,5,0,0,0,1,1,0,0,0
OTU_829,0,0,0,0,0,0,0,0,0,0,0,0,0,11,0,0,0,0,0,0,0,0,1,0,0,0,2,0,0,0,0,0,0,0,0,0,0,0,0,0
OTU_507,2,0,0,0,0,0,0,0,0,0,0,0,0,1,1,0,0,3,11,0,0,67,12,0,0,0,5,2,1,0,73,0,0,0,2,0,2,0,0,0
OTU_1457,0,0,0,0,0,0,0,0,0,0,0,0,0,6,0,0,0,0,0,0,0,0,0,0,0,0,0,0,0,0,0,0,0,0,0,0,0,0,0,0
OTU_1037,0,0,0,0,0,1,0,0,0,0,19,0,0,0,0,0,0,0,0,0,0,0,12,0,0,0,9,0,0,0,0,0,0,0,0,0,0,0,0,0
OTU_879,0,0,0,0,0,0,0,0,0,9,0,0,0,0,0,0,0,0,0,0,0,0,0,0,0,0,0,0,0,0,0,0,0,0,0,0,0,0,0,0
OTU_676,0,0,0,0,0,0,0,0,0,0,9,0,0,0,0,0,0,0,6,0,0,0,26,0,0,0,0,0,0,0,0,0,0,0,0,0,0,0,0,0
OTU_1386,5,0,0,0,0,0,0,0,0,0,0,4,0,0,0,0,0,0,0,0,23,0,0,0,0,0,0,0,0,0,0,0,0,0,0,0,0,0,0,33
OTU_1281,0,0,0,10,0,0,0,0,0,0,0,0,0,0,0,0,0,0,0,0,0,0,0,0,0,0,0,0,0,0,0,0,0,0,0,0,0,0,0,0
OTU_63,0,0,0,8,0,0,0,0,0,0,0,0,0,0,0,0,2,9,0,1,3,10,41,15,3,0,18,6,2652,0,4,0,0,0,0,1,1,2,0,4
OTU_918,0,0,0,6,0,0,0,0,0,0,0,0,0,0,1,0,0,0,0,0,0,0,0,0,0,0,0,15,0,0,1,0,0,0,0,0,0,0,0,6
OTU_919,0,0,0,0,0,0,0,0,0,0,9,0,0,0,0,0,0,0,0,0,0,0,0,0,32,1,0,1,0,0,0,0,7,0,0,0,0,0,9,0
OTU_1377,0,0,0,0,1,0,3,0,1,2,0,0,0,0,0,0,0,0,0,0,0,6,0,0,0,0,0,0,0,0,0,7,0,0,0,0,0,0,16,0
OTU_1139,4,0,0,0,0,0,0,0,0,0,0,0,0,0,0,0,0,0,0,0,0,2,0,1,0,0,1,0,0,0,0,0,0,0,0,0,0,0,0,0
OTU_847,1,0,0,0,0,0,3,0,0,7,0,0,0,0,0,0,0,9,2,0,0,0,0,0,1,28,0,0,0,4,0,24,19,0,0,0,0,38,0,0
OTU_533,0,0,0,0,0,0,0,0,0,0,5,0,0,0,0,0,0,0,0,0,0,34,0,0,0,0,0,0,0,0,0,0,0,0,0,0,0,0,0,0
OTU_1412,0,0,0,0,0,0,0,0,0,0,0,0,0,9,0,0,0,0,0,0,0,20,0,0,0,0,0,3,0,0,0,0,0,0,0,0,0,0,0,0
OTU_1228,0,11,0,0,0,0,0,0,0,0,0,0,0,0,0,0,0,0,0,0,0,0,0,0,0,0,0,0,0,0,0,0,0,0,0,0,0,0,0,0
OTU_1449,0,0,0,0,0,0,0,0,0,0,0,0,0,10,0,0,0,0,0,0,0,0,0,0,0,0,0,0,0,0,0,0,0,0,0,0,0,0,0,0
OTU_906,0,0,0,0,0,17,0,0,0,0,0,0,0,0,0,0,0,0,0,0,0,0,0,0,0,0,0,0,0,0,0,0,0,0,0,0,0,0,0,0
OTU_981,0,0,0,0,0,0,0,0,0,6,0,0,0,0,0,0,0,0,0,0,0,0,0,0,0,0,0,0,0,0,0,0,0,0,0,0,0,0,0,0
OTU_1124,0,0,0,0,0,0,0,1,4,0,0,0,0,0,0,0,0,0,0,0,0,0,0,0,0,0,0,0,0,0,0,0,0,0,0,0,0,0,0,0
OTU_885,0,0,0,0,2,0,4,0,2,0,0,1,0,0,0,0,0,11,0,0,0,0,0,0,0,0,0,0,0,19,0,0,0,0,0,0,0,0,0,0
OTU_315,0,0,0,5,0,0,0,0,0,0,0,0,0,0,0,0,0,3,0,0,5,0,24,13,0,0,24,0,0,0,0,0,0,0,0,0,2,0,0,195
OTU_946,0,0,0,2,0,0,0,0,0,0,0,0,0,0,1,0,0,0,0,0,0,0,17,15,0,1,41,0,1,0,0,0,0,0,0,0,2,0,0,0
OTU_1303,0,0,0,11,0,0,0,0,0,0,0,0,0,0,2,0,0,0,0,0,0,1,0,0,0,0,0,3,0,0,1,0,0,0,0,0,0,0,0,0
OTU_808,7,0,0,0,0,0,0,0,0,0,0,0,0,0,0,0,0,0,0,0,0,0,0,0,0,0,0,0,0,0,0,0,0,0,0,0,0,0,0,0
OTU_477,0,0,0,0,0,0,0,0,0,0,0,1,0,0,0,0,0,0,0,92,0,0,0,0,0,0,0,0,0,0,0,0,0,0,0,0,0,0,0,0
OTU_1349,0,0,0,0,0,0,0,0,0,0,4,0,0,0,0,0,0,0,0,0,0,1,0,0,0,0,0,0,0,0,0,9,2,0,0,0,0,0,0,0
OTU_244,0,0,0,3,0,0,0,0,0,0,0,0,0,0,1,0,0,0,2,233,1,0,0,0,0,0,0,1,0,0,0,0,0,0,0,0,0,0,0,0
OTU_892,8,0,0,0,0,0,0,0,0,0,0,1,0,3,6,0,3,0,23,0,0,4,7,0,0,6,5,7,0,0,3,0,0,0,0,0,0,21,0,0
OTU_1357,4,1,0,4,0,0,0,0,0,0,0,2,0,0,0,0,0,0,3,0,0,2,0,0,0,0,0,0,0,0,3,0,0,0,0,0,0,0,0,0
OTU_395,5,0,0,0,0,0,0,0,0,0,0,0,0,0,0,0,0,0,0,0,0,0,0,0,0,0,0,73,0,0,33,0,0,0,0,0,0,0,0,0
OTU_1227,2,0,0,0,0,0,0,0,0,0,0,8,0,0,0,0,0,3,0,0,0,2,0,0,0,0,0,0,0,0,0,0,0,0,0,0,0,0,0,0
OTU_1304,1,6,1,0,6,0,4,0,3,0,0,0,0,10,1,0,0,3,1,0,0,0,0,0,0,2,0,1,0,1,1,7,0,0,0,0,0,2,0,0
OTU_1495,0,0,0,0,0,0,3,0,6,0,0,0,0,0,0,0,0,0,0,0,0,0,0,0,0,0,0,0,0,0,0,0,0,0,0,0,0,0,0,0
OTU_1219,0,0,0,0,9,0,0,0,0,0,0,0,0,0,0,0,0,0,0,0,0,0,0,0,0,0,0,0,0,0,0,0,0,0,0,0,0,0,0,0
OTU_1497,0,0,0,2,0,0,0,0,2,0,0,0,0,0,0,0,0,1,3,0,0,0,0,0,0,0,3,0,0,0,0,1,0,0,0,0,0,0,0,0
OTU_944,0,0,0,0,0,0,12,0,0,0,0,0,0,0,0,0,0,0,0,0,0,0,0,0,0,0,0,0,0,0,0,0,0,0,0,0,0,0,0,0
OTU_659,0,0,0,5,0,0,0,0,0,0,0,0,0,0,38,0,32,3,41,0,0,8,7,0,0,2,5,0,0,0,1,0,3,0,2,0,1,18,0,0
OTU_1418,0,0,0,0,0,0,0,0,0,5,0,0,0,0,0,0,0,0,0,0,0,0,0,0,0,0,0,0,0,0,0,6,0,0,0,0,0,0,0,0
OTU_936,0,0,0,0,5,0,9,0,0,0,0,0,0,0,0,0,0,2,0,0,0,0,0,0,0,0,0,0,0,0,0,8,0,0,0,0,0,0,0,0
OTU_1068,0,3,0,0,0,0,1,0,0,0,0,0,0,11,0,0,0,0,0,0,0,0,0,0,0,0,0,0,0,0,0,0,0,0,0,0,0,1,0,0
OTU_607,2,0,0,0,3,0,19,0,0,0,0,0,0,0,0,0,0,2,0,0,0,0,0,4,6,2,0,0,0,0,0,0,7,0,5,0,12,0,0,0
OTU_1396,0,0,0,0,0,9,0,0,0,0,0,0,0,0,0,0,0,0,0,0,0,0,0,0,0,0,0,0,0,0,0,0,0,0,0,0,0,0,0,0
OTU_985,0,0,0,0,12,0,3,0,0,0,5,0,0,0,0,0,0,0,0,0,0,0,26,0,0,0,7,0,0,0,0,0,0,0,1,0,0,2,0,0
OTU_1111,3,0,0,0,0,0,0,0,0,0,0,2,0,0,0,0,1,5,0,0,0,0,0,1,9,11,0,20,0,0,0,0,4,0,7,0,0,0,1,0
OTU_1023,3,0,0,0,0,0,0,0,0,0,9,0,0,0,0,0,0,0,0,0,0,0,1,7,0,0,0,0,0,0,0,0,0,0,0,0,0,0,0,14
OTU_801,3,0,0,0,0,0,0,0,0,0,0,0,0,0,0,0,0,20,0,0,0,0,0,0,0,0,0,0,0,0,0,0,0,0,0,0,0,0,0,0
OTU_1018,0,0,0,0,0,21,0,0,0,0,0,0,0,0,0,0,0,0,0,0,0,0,0,0,0,0,0,0,0,0,0,0,0,0,0,0,0,0,0,0
OTU_1429,1,0,0,0,0,0,0,0,0,0,0,0,0,0,0,0,0,0,0,0,0,0,3,0,0,0,0,0,0,0,6,0,0,0,0,0,0,0,0,0
OTU_1102,0,4,0,1,0,0,1,0,0,0,0,0,0,0,0,0,0,0,0,0,0,0,0,0,0,0,0,0,1,0,0,11,0,0,0,0,0,0,0,0
OTU_608,0,0,0,0,0,0,0,0,0,0,0,0,0,2,45,0,9,0,0,0,0,1,0,0,0,0,0,2,0,0,0,0,24,0,0,0,0,0,0,0
OTU_1301,0,0,0,0,0,0,0,0,0,0,7,0,0,0,0,0,0,0,0,0,0,0,0,0,0,0,0,0,0,0,0,0,0,0,0,0,0,0,0,0
OTU_1475,0,0,0,0,0,0,0,0,0,0,0,0,0,6,0,0,0,0,0,0,0,0,0,0,0,0,3,0,0,0,0,0,0,0,0,0,0,0,0,0
OTU_1327,0,3,0,0,0,0,0,0,0,0,0,0,0,0,0,0,0,0,0,0,0,0,0,0,0,0,0,0,0,0,0,0,0,0,0,0,0,2,0,0
OTU_267,0,0,0,0,0,0,0,8,0,0,0,0,0,0,0,0,0,21,0,0,217,0,9,0,0,0,18,0,0,1,0,0,0,0,0,1,22,0,0,0
OTU_1398,0,0,0,0,1,0,1,0,0,0,0,0,0,0,0,0,0,0,0,0,0,0,0,0,0,0,0,0,0,0,2,0,0,0,0,0,0,0,0,0
OTU_1458,0,0,0,0,1,0,0,0,0,0,2,0,0,0,0,0,0,2,0,0,0,0,0,0,0,0,0,0,0,0,0,0,0,0,0,0,0,0,0,0
OTU_1306,0,0,0,0,1,1,0,0,0,0,16,0,0,0,0,0,0,0,0,0,0,0,0,0,0,0,0,0,0,0,0,0,0,0,0,0,0,0,0,0
OTU_1218,0,0,0,0,11,0,0,0,0,0,0,0,0,0,0,0,0,0,1,0,0,1,0,0,0,0,0,0,0,0,0,0,0,0,0,0,0,0,0,0
OTU_1546,2,0,0,0,0,0,0,0,0,0,0,0,0,0,0,0,0,0,0,0,0,0,0,0,0,0,0,3,0,0,0,0,0,0,0,0,0,0,0,0
OTU_1433,0,0,0,1,0,0,0,6,0,0,0,0,0,0,0,0,0,0,0,0,2,0,0,0,0,0,0,0,1,0,0,0,0,0,0,1,0,0,0,0
OTU_982,1,0,0,0,0,0,0,0,0,0,0,0,0,0,0,0,0,0,0,0,0,0,0,0,27,0,0,0,0,0,0,0,0,0,0,0,0,0,0,0
OTU_1379,0,1,0,0,0,0,0,0,0,0,0,0,1,3,0,0,0,0,0,0,0,0,0,33,0,0,0,0,0,0,0,0,0,0,0,0,0,0,0,11
OTU_1415,3,0,0,1,0,0,0,0,0,0,1,0,0,0,0,0,0,0,1,0,0,0,0,0,11,0,0,0,0,0,0,0,0,0,1,0,0,0,16,0
OTU_1313,0,0,0,0,0,0,6,0,0,0,0,0,0,0,0,0,0,0,0,0,0,0,0,0,0,0,0,0,0,0,0,0,0,0,0,0,0,0,0,0
OTU_884,0,0,0,0,0,0,0,0,0,6,0,0,0,0,0,0,0,0,0,0,0,0,0,0,0,0,0,0,0,8,1,0,0,0,0,0,0,0,0,0
OTU_1469,0,2,0,0,0,0,0,0,0,0,0,0,0,0,0,0,0,0,0,0,0,0,0,0,0,0,5,0,0,0,0,0,0,0,0,0,0,0,0,2
OTU_1127,2,0,0,0,0,0,0,0,0,0,0,3,0,0,0,0,0,0,0,0,0,0,0,0,0,0,0,0,0,0,0,0,0,0,0,0,0,0,0,0
OTU_1081,0,0,0,0,0,1,0,0,0,0,9,0,0,0,0,0,0,0,0,0,0,0,0,0,0,0,0,0,0,0,0,0,0,0,0,0,0,0,0,0
OTU_1196,0,0,0,0,0,0,0,0,0,0,0,5,0,0,0,0,0,0,0,0,0,0,0,0,0,0,0,0,0,0,0,0,0,0,0,0,0,0,0,0
OTU_1514,0,0,0,7,0,0,0,0,0,0,0,0,0,0,5,0,1,0,0,0,0,1,0,0,0,0,0,2,0,0,0,0,0,0,0,0,0,0,0,0
OTU_1430,0,3,0,1,0,0,0,0,0,0,0,0,0,0,0,0,0,0,2,0,0,0,0,0,0,2,0,0,0,0,0,2,6,0,0,0,0,7,0,0
OTU_216,3,0,0,0,0,0,0,0,0,0,0,0,0,0,1,0,0,9,0,0,0,0,0,0,25,423,1,5,0,0,0,0,0,0,0,0,0,0,0,4
OTU_1315,0,0,0,0,0,0,4,0,0,0,0,0,0,0,0,0,0,0,0,0,0,0,0,0,0,0,0,0,0,0,0,0,0,0,0,0,0,0,0,0
OTU_679,0,0,0,0,2,0,0,0,0,0,0,0,0,0,46,0,62,0,0,0,0,0,3,0,0,3,0,2,0,0,0,0,0,0,0,0,0,0,0,0
OTU_615,4,0,0,1,5,0,16,1,0,2,0,0,0,0,0,0,1,0,2,0,0,0,0,0,0,0,0,0,0,1,0,2,0,0,0,0,0,33,0,0
OTU_524,1,4,0,0,0,0,0,0,0,0,0,0,0,3,0,0,0,0,0,0,0,0,0,0,0,0,0,0,0,0,0,77,0,0,0,0,0,46,0,0
OTU_504,0,0,0,0,0,0,0,0,0,0,5,0,0,0,0,0,0,0,0,2,0,0,0,51,1,0,0,0,0,0,0,1,70,13,0,0,0,0,0,6
OTU_1519,0,0,0,0,0,0,0,0,0,5,0,0,0,0,0,0,0,0,0,0,0,0,0,0,0,0,0,0,0,0,0,1,0,0,0,0,0,0,0,0
OTU_1369,0,0,0,0,0,0,0,0,4,0,0,0,0,0,0,0,0,0,0,0,0,0,0,0,0,0,0,0,0,0,0,0,0,0,0,0,0,0,0,0
OTU_738,0,2,0,0,0,0,0,0,0,0,0,0,0,0,0,0,0,0,0,0,91,0,0,1,0,0,0,5,0,0,0,0,0,0,0,0,0,0,0,0
OTU_1085,0,0,0,0,0,0,1,0,0,0,0,0,0,0,0,0,0,0,16,0,0,0,3,0,0,0,0,0,0,0,4,0,0,0,0,0,0,0,0,0
OTU_691,0,0,0,0,0,0,0,0,0,1,0,0,0,0,0,0,0,0,0,0,0,0,0,0,0,0,0,0,0,44,0,1,0,0,0,0,0,0,0,0
OTU_1454,0,1,0,0,0,0,0,0,0,0,0,0,0,4,0,0,0,0,0,0,0,0,15,0,0,0,8,0,0,0,0,0,0,0,0,0,0,0,0,0
OTU_568,3,0,0,0,0,0,0,0,0,0,0,0,0,0,0,0,0,0,0,0,0,41,10,0,0,0,1,0,0,0,3,0,0,0,0,0,0,0,0,0
OTU_1302,2,4,0,0,0,0,4,0,0,0,0,0,0,0,0,0,0,0,23,0,0,0,0,1,0,0,4,0,6,1,1,0,0,0,0,0,0,2,0,6
OTU_1082,0,0,0,0,0,0,0,0,0,8,0,0,0,0,0,0,0,0,0,0,0,0,0,0,0,0,0,0,0,0,0,0,0,0,0,0,0,0,0,0
OTU_1010,0,0,0,0,0,0,0,0,0,0,0,0,0,6,0,0,0,0,0,0,0,0,0,0,0,7,0,4,0,0,0,0,0,0,0,0,0,0,0,0
OTU_1287,0,0,0,0,0,0,0,0,0,0,0,0,0,5,0,0,0,0,0,0,0,0,0,0,0,0,0,0,0,0,0,0,0,0,0,0,0,0,0,0
OTU_978,0,0,0,0,0,0,0,0,0,0,0,0,0,5,0,0,0,0,0,0,0,0,18,0,2,0,2,0,0,0,0,0,0,0,0,0,0,0,0,0
OTU_1472,0,0,0,0,0,0,1,0,0,0,0,0,0,1,0,0,0,0,7,0,0,0,0,0,0,0,0,0,0,0,0,0,0,0,0,0,0,0,0,0
OTU_1308,0,2,0,0,0,0,0,0,0,0,0,0,0,0,0,0,0,0,0,0,0,0,0,0,0,0,0,0,0,0,0,0,0,0,0,0,0,0,24,0
OTU_1286,0,0,0,0,0,0,0,0,0,3,0,0,0,0,0,0,0,0,0,0,0,1,0,0,0,0,0,0,0,0,1,0,0,0,0,0,0,0,0,0
OTU_64,1,0,0,0,0,0,0,0,0,3,0,0,0,0,2,0,1,0,2004,1,2,2,1,0,3,1,0,2,0,1,1,1,2,0,0,2,1,1,76,1
OTU_1480,0,0,0,0,3,0,0,0,0,0,0,0,0,0,0,0,0,0,0,0,0,0,0,0,0,0,0,0,0,0,0,3,0,0,0,0,0,0,0,0
OTU_1368,0,0,0,0,0,0,3,0,0,0,0,0,0,0,0,0,0,0,0,0,0,0,0,0,0,0,0,0,0,0,0,0,0,0,0,0,0,0,0,0
OTU_979,3,0,0,0,0,0,0,0,0,0,0,0,0,0,0,0,0,0,0,0,0,0,0,0,0,0,0,0,0,0,0,17,0,0,0,0,0,0,0,0
OTU_1363,0,0,0,0,2,0,0,0,0,0,0,0,0,0,0,0,0,0,0,0,0,0,0,0,0,0,0,0,0,0,0,0,0,0,0,0,0,0,0,0
OTU_1156,1,0,0,0,0,0,0,0,0,3,0,0,0,0,0,0,0,0,0,0,0,0,0,0,0,0,0,0,0,0,0,16,0,0,0,0,0,0,0,0
OTU_1289,0,0,0,3,0,0,0,0,0,0,0,0,0,0,0,0,0,0,0,0,0,0,0,0,0,0,0,0,0,0,0,3,0,0,0,0,0,0,0,0
OTU_22,0,0,0,0,0,0,0,3,0,0,0,0,0,0,1,2,1,4,0,3,3,3,1,0,2,0,2,2,4,2,0,2,1,1,2,6773,2,1,2,1
OTU_1014,0,0,0,0,0,0,0,0,0,0,8,0,0,0,0,0,0,0,0,0,0,0,0,0,0,0,0,0,0,0,0,0,0,0,0,0,0,0,0,0
OTU_1350,1,0,0,0,0,0,0,0,0,0,0,0,0,0,0,0,0,6,0,0,0,0,0,0,0,0,0,0,0,0,0,20,0,0,0,0,0,5,0,0
OTU_1445,1,0,0,0,0,0,0,0,0,0,0,0,0,0,0,0,0,0,1,0,0,0,1,1,0,0,0,0,0,0,0,0,0,0,0,0,0,0,20,0
OTU_859,0,0,0,0,0,0,0,0,0,0,0,0,0,1,0,0,0,0,0,0,0,0,5,0,0,0,12,0,0,0,0,0,0,0,0,0,2,0,0,0
OTU_1411,1,0,0,0,0,0,0,0,0,0,0,0,0,0,0,0,0,0,0,0,0,0,0,0,8,0,0,0,0,0,0,0,7,0,0,0,0,0,0,0
OTU_1083,3,0,0,0,0,0,0,0,0,2,0,0,0,0,0,0,0,0,1,0,0,0,0,0,0,0,0,0,0,0,0,5,0,0,0,0,0,5,0,0
OTU_1247,0,0,0,0,0,0,0,1,0,1,0,0,0,0,2,0,1,0,0,0,0,4,5,0,0,0,1,0,0,0,6,0,0,0,0,0,1,0,0,0
OTU_1340,0,1,0,0,0,0,0,0,0,0,0,0,0,0,0,0,0,0,0,0,0,1,0,0,0,0,0,0,0,0,0,3,0,0,0,0,0,0,0,0
OTU_100,0,0,0,0,0,0,0,0,0,1,0,0,0,0,1,0,0,3,0,1,0,1,0,0,1,0,0,0,2,1198,0,0,0,0,0,0,0,1,0,0
OTU_1217,0,0,0,0,0,0,0,0,0,0,1,0,0,0,0,0,0,0,0,0,0,0,0,0,0,4,0,0,0,1,0,0,0,0,0,0,0,0,0,0
OTU_582,0,0,0,0,0,0,0,0,0,0,0,0,0,1,0,0,0,0,15,0,0,0,0,0,0,0,0,0,0,0,0,0,0,0,0,1,0,0,45,0
OTU_1432,0,0,0,1,0,0,0,0,1,0,0,0,0,0,0,0,0,0,0,0,0,0,0,0,0,0,0,0,0,0,0,3,0,0,0,0,0,4,0,0
OTU_745,0,0,0,0,0,0,0,0,0,0,0,0,0,1,0,0,0,0,0,0,0,0,14,0,0,0,0,0,0,0,0,0,0,0,0,0,0,0,0,0
OTU_1489,2,0,0,0,0,0,0,0,0,0,0,0,0,0,0,0,0,0,0,0,0,0,0,0,0,0,0,0,0,0,0,0,0,0,7,0,0,0,0,0
OTU_297,2,0,0,0,0,0,0,0,0,0,0,0,0,0,0,0,0,0,0,0,0,54,0,0,0,0,0,0,0,0,4,0,0,0,293,0,0,41,0,0
OTU_1401,0,0,0,1,0,0,0,0,0,0,0,0,0,0,1,0,0,0,0,0,0,0,0,0,0,0,0,0,0,0,0,30,0,0,0,0,0,0,0,0
OTU_42,0,0,0,0,0,0,0,0,0,0,0,0,0,0,1,1,1,2,0,54,1,2,0,0,2,0,0,12,4,2,0,1,3,2833,3,1,1,1,0,2
OTU_259,0,0,0,0,0,0,0,0,0,0,0,0,0,0,423,0,661,0,0,3,0,0,0,0,0,0,0,50,0,0,0,0,12,0,0,0,0,0,0,1
OTU_67,0,0,0,0,0,0,0,0,0,0,0,0,0,0,5,0,0,0,1,0,1,0,0,1,0,0,0,0,1,0,0,0,0,0,0,0,0,2138,0,0
OTU_52,0,0,0,0,0,0,0,0,0,0,0,0,0,0,2,0,0,1,0,0,1,4,0,0,0,1,0,0,2,0,37,0,1,0,2829,0,2,0,0,1
OTU_144,0,0,0,0,0,0,0,0,0,0,0,0,0,0,0,0,0,0,1,0,1,10,0,0,0,0,0,1,1,0,0,0,1,0,0,659,1,0,0,0
OTU_49,0,0,0,0,0,0,0,0,0,0,0,0,0,0,3,0,0,0,0,0,0,17,119,2,3,0,50,2,3634,1,127,0,0,0,1,1,914,0,1,6
OTU_84,0,0,0,0,0,0,0,0,0,0,0,0,0,0,0,0,1,1,0,0,2,0,0,0,0,0,1,7,0,0,0,0,1,0,0,0,0,1385,0,0
OTU_282,0,0,0,0,0,0,0,0,0,0,0,0,0,0,0,0,0,1,0,0,0,0,30,0,0,0,0,0,0,0,0,0,0,0,0,0,240,0,0,0
OTU_836,0,0,0,0,0,0,0,0,0,0,0,0,0,0,0,0,0,0,0,0,0,0,0,0,0,0,0,0,0,0,0,0,44,0,0,0,0,0,0,0
OTU_95,0,0,0,0,0,0,0,0,0,0,0,0,0,0,2,0,0,0,0,0,0,0,0,0,1,0,2,0,0,2,0,9,0,0,1,0,1,1156,0,0
OTU_225,0,0,0,0,0,0,0,0,0,0,0,0,0,0,2,0,45,3,8,0,0,6,2,27,333,1,3,24,0,0,60,0,52,0,149,0,0,0,50,13
OTU_76,0,0,0,0,0,0,0,0,0,0,0,0,0,0,0,0,1,1,0,0,0,1,0,1,1,0,2,1,0,1,0,1741,0,0,1,0,1,46,1,0
OTU_241,0,0,0,0,0,0,0,0,0,0,0,0,0,0,1,0,0,0,0,0,0,0,0,0,0,0,0,0,0,0,0,313,0,0,0,0,0,10,0,0
OTU_147,0,0,0,0,0,0,0,0,0,0,0,0,0,0,0,0,632,0,0,1,0,0,0,0,0,0,0,0,0,0,0,1,0,0,0,0,0,0,0,0
OTU_324,0,0,0,0,0,0,0,0,0,0,0,0,0,0,0,0,0,0,1,0,0,1,0,0,0,0,0,0,0,0,0,12,0,0,1,0,0,195,0,0
OTU_167,0,0,0,0,0,0,0,0,0,0,0,0,0,0,0,1,0,3,0,0,2,2,0,1249,1,0,0,0,2,0,1,1,1,0,0,0,0,0,2,0
OTU_518,0,0,0,0,0,0,0,0,0,0,0,0,0,0,1,0,0,18,57,0,0,0,0,0,0,0,0,0,0,0,0,0,63,0,1,0,0,0,68,0
OTU_1476,0,0,0,0,0,0,0,0,0,0,0,0,0,0,0,0,0,0,0,0,0,0,4,0,0,0,3,0,0,0,0,0,0,0,0,0,0,0,0,0
OTU_1493,0,0,0,0,0,0,0,0,0,0,0,0,0,0,0,0,0,0,0,0,0,15,0,1,0,0,0,0,0,0,0,16,0,0,1,0,0,0,0,0
OTU_543,0,0,0,0,0,0,0,0,0,0,0,0,0,0,32,0,13,0,1,0,0,0,0,0,0,0,0,0,0,0,0,0,0,0,0,0,0,0,20,0
OTU_1024,0,0,0,0,0,0,0,0,0,0,0,0,0,0,0,0,0,0,0,0,0,0,6,0,0,0,1,0,0,0,0,0,0,0,0,0,0,0,0,0
OTU_1395,0,0,0,0,0,0,0,0,0,0,0,0,0,0,0,0,0,0,0,0,0,0,5,0,0,0,0,0,0,0,3,0,0,0,0,0,0,0,0,0
OTU_461,0,0,0,0,0,0,0,0,0,0,0,0,0,0,0,0,0,0,0,0,0,0,80,0,0,0,14,63,0,0,0,0,0,0,0,0,0,0,0,1
OTU_740,0,0,0,0,0,0,0,0,0,0,0,0,0,0,0,0,0,0,6,0,0,0,0,0,86,0,0,0,0,1,0,0,17,0,24,0,0,0,0,1
OTU_1515,0,0,0,0,0,0,0,0,0,0,0,0,0,0,1,0,9,0,12,0,0,0,0,0,0,0,0,1,0,0,0,0,0,0,0,0,0,0,0,0
OTU_1114,0,0,0,0,0,0,0,0,0,0,0,0,0,0,0,0,0,0,0,0,0,0,0,0,0,0,0,0,0,0,0,14,0,0,0,0,0,0,0,0
OTU_319,0,0,0,0,0,0,0,0,0,0,0,0,0,0,51,0,125,0,39,0,1,0,22,0,0,0,21,138,0,0,0,0,1,0,0,0,2,0,43,0
OTU_1197,0,0,0,0,0,0,0,0,0,0,0,0,0,0,0,0,0,14,0,0,0,0,0,0,0,0,0,0,0,0,0,0,0,0,0,0,0,0,0,0
OTU_831,0,0,0,0,0,0,0,0,0,0,0,0,0,0,0,0,0,0,0,0,0,25,0,0,0,0,0,0,0,0,4,0,0,0,0,0,0,0,0,0
OTU_188,0,0,0,0,0,0,0,0,0,0,0,0,0,0,135,0,284,0,0,0,0,0,16,0,15,12,0,54,0,0,0,0,1,0,0,0,2,1,0,0
OTU_842,0,0,0,0,0,0,0,0,0,0,0,0,0,0,5,0,10,0,0,0,0,0,0,0,1,0,0,57,0,0,0,0,0,0,0,0,0,0,0,0
OTU_604,0,0,0,0,0,0,0,0,0,0,0,0,0,0,0,0,0,0,29,0,0,0,0,0,0,0,0,0,0,0,0,0,0,5,0,0,0,0,51,0
OTU_1326,0,0,0,0,0,0,0,0,0,0,0,0,0,0,0,0,0,0,0,0,0,0,1,0,0,0,8,0,0,0,0,0,0,0,0,0,0,0,0,0
OTU_263,0,0,0,0,0,0,0,0,0,0,0,0,0,0,234,0,16,1,0,0,0,0,0,0,0,0,0,0,0,0,0,0,0,0,0,0,0,0,0,0
OTU_798,0,0,0,0,0,0,0,0,0,0,0,0,0,0,0,0,0,0,0,0,0,0,17,0,0,0,26,0,0,0,0,0,0,0,0,0,0,0,0,1
OTU_996,0,0,0,0,0,0,0,0,0,0,0,0,0,0,0,0,0,1,0,0,0,0,19,0,0,0,6,0,0,0,0,0,0,0,0,0,0,0,0,0
OTU_399,0,0,0,0,0,0,0,0,0,0,0,0,0,0,1,0,0,0,0,0,0,210,2,0,0,0,4,0,0,0,51,0,1,0,0,0,15,0,0,1
OTU_609,0,0,0,0,0,0,0,0,0,0,0,0,0,0,0,0,0,0,0,0,2,0,16,2,0,0,3,0,0,0,0,0,0,0,0,0,63,0,0,0
OTU_816,0,0,0,0,0,0,0,0,0,0,0,0,0,0,0,0,0,0,0,0,0,21,0,0,0,0,1,0,0,0,8,0,0,0,0,0,0,0,0,1
OTU_191,0,0,0,0,0,0,0,0,0,0,0,0,0,0,80,0,443,0,0,0,0,0,0,0,1,0,0,0,0,0,0,0,8,0,0,0,0,0,0,1
OTU_768,0,0,0,0,0,0,0,0,0,0,0,0,0,0,9,0,3,0,10,0,0,27,13,0,0,0,3,11,0,1,25,0,0,0,3,0,0,0,0,0
OTU_526,0,0,0,0,0,0,0,0,0,0,0,0,0,0,0,0,0,0,0,0,0,0,0,0,0,0,0,0,88,0,0,0,0,0,0,0,0,0,0,0
OTU_587,0,0,0,0,0,0,0,0,0,0,0,0,0,0,0,0,0,71,0,0,0,0,0,0,0,4,0,0,0,0,0,0,0,0,0,0,0,0,0,0
OTU_1372,0,0,0,0,0,0,0,0,0,0,0,0,0,0,0,0,0,0,0,0,0,0,4,0,0,0,16,0,6,0,0,0,0,0,0,0,0,0,0,0
OTU_351,0,0,0,0,0,0,0,0,0,0,0,0,0,0,0,0,0,0,2,0,0,0,0,0,0,0,0,0,0,0,0,0,0,0,0,0,0,0,161,0
OTU_534,0,0,0,0,0,0,0,0,0,0,0,0,0,0,1,0,0,0,0,0,0,0,5,0,0,0,1,0,0,0,0,0,0,0,0,0,0,0,0,67
OTU_1220,0,0,0,0,0,0,0,0,0,0,0,0,0,0,0,0,0,0,0,1,0,0,0,0,47,0,0,0,0,0,0,0,5,0,1,0,0,0,0,0
OTU_350,0,0,0,0,0,0,0,0,0,0,0,0,0,0,0,0,0,5,3,0,1,3,0,117,0,0,0,0,0,0,9,0,0,0,0,1,2,7,0,0
OTU_569,0,0,0,0,0,0,0,0,0,0,0,0,0,0,0,0,0,0,0,0,23,0,1,19,0,0,0,0,1,0,0,0,0,0,0,0,0,0,0,36
OTU_1022,0,0,0,0,0,0,0,0,0,0,0,0,0,0,0,0,0,0,0,0,0,0,0,0,0,0,12,0,0,0,0,0,0,0,0,0,0,0,0,0
OTU_1438,0,0,0,0,0,0,0,0,0,0,0,0,0,0,4,0,17,0,4,0,0,0,0,0,0,0,0,3,0,0,0,0,0,0,0,0,0,0,0,0
OTU_231,0,0,0,0,0,0,0,0,0,0,0,0,0,0,1,0,0,0,0,1,0,0,0,0,0,0,0,0,0,0,0,0,410,0,0,0,0,0,1,0
OTU_312,0,0,0,0,0,0,0,0,0,0,0,0,0,0,1,0,0,2,11,0,0,0,1,0,1,16,0,6,1,101,0,135,15,0,0,0,0,0,0,0
OTU_1279,0,0,0,0,0,0,0,0,0,0,0,0,0,0,0,0,0,0,1,0,0,0,0,0,0,2,1,0,0,0,0,8,0,0,0,0,0,0,2,0
OTU_1060,0,0,0,0,0,0,0,0,0,0,0,0,0,0,0,0,0,0,0,0,0,0,4,0,0,0,0,0,0,0,0,0,0,0,0,0,0,0,0,0
OTU_1157,0,0,0,0,0,0,0,0,0,0,0,0,0,0,0,0,0,1,0,0,0,0,0,0,0,7,0,0,0,0,0,0,0,0,0,0,0,0,0,0
OTU_886,0,0,0,0,0,0,0,0,0,0,0,0,0,0,0,0,0,1,0,0,0,0,11,0,9,0,0,0,0,0,0,0,0,0,1,0,0,0,0,0
OTU_1072,0,0,0,0,0,0,0,0,0,0,0,0,0,0,0,0,0,0,0,0,0,0,0,0,1,6,0,0,0,0,0,0,0,0,0,0,0,0,0,0
OTU_1103,0,0,0,0,0,0,0,0,0,0,0,0,0,0,0,0,0,0,0,0,0,0,0,0,0,0,0,0,0,0,0,27,0,0,0,0,0,0,0,0
OTU_1305,0,0,0,0,0,0,0,0,0,0,0,0,0,0,0,0,0,0,0,0,0,0,2,0,0,0,0,1,0,0,0,0,0,0,0,0,0,0,0,0
OTU_686,0,0,0,0,0,0,0,0,0,0,0,0,0,0,0,0,0,34,0,0,0,0,2,0,0,0,0,0,0,0,1,0,0,0,0,0,0,0,0,0
OTU_384,0,0,0,0,0,0,0,0,0,0,0,0,0,0,2,0,0,0,0,0,0,0,0,0,0,114,0,0,0,0,0,0,0,0,0,0,0,0,1,0
OTU_651,0,0,0,0,0,0,0,0,0,0,0,0,0,0,0,0,0,0,89,0,0,0,0,0,0,0,0,0,0,0,0,0,0,0,0,0,0,0,0,0
OTU_852,0,0,0,0,0,0,0,0,0,0,0,0,0,0,0,0,0,0,0,0,0,0,0,0,0,0,0,0,77,0,0,0,0,0,0,0,0,0,0,0
OTU_513,0,0,0,0,0,0,0,0,0,0,0,0,0,0,0,0,0,5,30,0,0,0,0,1,0,0,0,0,0,0,0,0,0,0,0,0,0,0,58,0
OTU_743,0,0,0,0,0,0,0,0,0,0,0,0,0,0,0,0,0,0,0,0,0,0,6,0,0,0,26,0,0,0,0,0,0,0,0,0,0,0,0,0
OTU_1148,0,0,0,0,0,0,0,0,0,0,0,0,0,0,0,0,0,0,0,0,0,0,0,0,0,0,0,0,0,0,0,0,25,0,0,0,0,0,0,0
OTU_953,0,0,0,0,0,0,0,0,0,0,0,0,0,0,0,0,0,0,0,0,0,20,29,0,0,0,7,0,0,0,2,0,0,0,0,0,0,0,0,1
OTU_547,0,0,0,0,0,0,0,0,0,0,0,0,0,0,0,0,0,28,0,0,0,0,0,0,0,0,0,0,0,0,0,0,0,0,0,0,0,0,0,0
OTU_750,0,0,0,0,0,0,0,0,0,0,0,0,0,0,0,0,0,0,0,0,0,0,0,0,0,0,0,0,0,0,0,0,0,0,0,0,0,40,0,0
OTU_766,0,0,0,0,0,0,0,0,0,0,0,0,0,0,0,0,0,0,0,0,0,0,3,0,0,0,6,0,57,0,0,0,0,0,0,0,0,0,0,0
OTU_519,0,0,0,0,0,0,0,0,0,0,0,0,0,0,0,0,0,0,0,0,0,0,0,0,0,0,0,0,0,47,0,0,0,0,0,0,0,0,0,0
OTU_1414,0,0,0,0,0,0,0,0,0,0,0,0,0,0,0,0,0,0,0,0,0,0,4,0,0,0,1,0,1,0,0,0,0,0,0,0,1,0,0,0
OTU_1100,0,0,0,0,0,0,0,0,0,0,0,0,0,0,0,0,0,0,0,0,17,0,0,6,0,0,0,0,0,0,0,0,0,0,0,0,0,0,0,7
OTU_840,0,0,0,0,0,0,0,0,0,0,0,0,0,0,32,0,12,0,0,0,0,0,3,0,0,0,0,4,0,0,0,0,0,0,0,0,0,0,0,0
OTU_464,0,0,0,0,0,0,0,0,0,0,0,0,0,0,0,0,0,2,23,0,0,2,2,0,0,0,0,0,0,0,0,0,0,0,0,0,1,0,55,0
OTU_1522,0,0,0,0,0,0,0,0,0,0,0,0,0,0,0,0,0,0,6,0,0,0,0,0,0,0,0,0,0,0,0,0,0,0,0,0,0,0,0,0
OTU_1202,0,0,0,0,0,0,0,0,0,0,0,0,0,0,0,0,0,0,0,0,0,0,0,0,0,0,0,2,0,0,0,0,10,0,0,0,0,0,0,0
OTU_735,0,0,0,0,0,0,0,0,0,0,0,0,0,0,0,0,0,0,0,0,43,0,0,0,0,0,0,0,0,0,0,0,0,0,0,0,0,0,0,4
OTU_962,0,0,0,0,0,0,0,0,0,0,0,0,0,0,0,0,0,0,0,0,0,0,0,0,0,0,0,0,0,0,29,0,0,0,0,0,0,0,0,0
OTU_760,0,0,0,0,0,0,0,0,0,0,0,0,0,0,0,0,0,0,0,0,0,0,69,0,0,0,5,0,0,0,0,0,0,0,0,0,0,0,0,0
OTU_1154,0,0,0,0,0,0,0,0,0,0,0,0,0,0,6,0,16,0,0,0,0,0,0,0,0,0,0,0,0,0,0,0,0,0,0,0,0,0,0,0
OTU_1490,0,0,0,0,0,0,0,0,0,0,0,0,0,0,0,0,0,0,0,0,0,0,0,0,0,0,0,0,0,0,0,0,0,0,0,0,0,0,6,0
OTU_863,0,0,0,0,0,0,0,0,0,0,0,0,0,0,0,0,0,17,0,0,0,0,0,0,0,0,0,0,0,0,0,0,0,0,0,0,0,0,0,0
OTU_723,0,0,0,0,0,0,0,0,0,0,0,0,0,0,0,0,0,20,0,0,0,31,0,0,0,0,0,0,0,0,0,0,0,0,0,0,0,0,0,0
OTU_626,0,0,0,0,0,0,0,0,0,0,0,0,0,0,0,0,0,5,5,0,1,46,0,0,0,0,1,0,7,0,6,0,0,0,2,0,3,0,0,0
OTU_858,0,0,0,0,0,0,0,0,0,0,0,0,0,0,2,0,0,0,0,0,0,0,0,0,0,0,0,18,0,0,0,0,0,0,0,0,0,0,0,0
OTU_1152,0,0,0,0,0,0,0,0,0,0,0,0,0,0,0,0,0,0,0,0,0,0,0,0,0,0,0,0,0,0,0,8,0,0,0,0,0,21,0,0
OTU_1373,0,0,0,0,0,0,0,0,0,0,0,0,0,0,0,0,0,0,6,0,0,0,0,0,0,0,0,0,0,0,5,0,0,0,0,0,0,0,0,0
OTU_576,0,0,0,0,0,0,0,0,0,0,0,0,0,0,0,0,0,0,0,0,0,40,0,0,0,0,0,0,0,0,0,0,0,0,0,0,0,0,0,0
OTU_727,0,0,0,0,0,0,0,0,0,0,0,0,0,0,0,0,1,0,0,0,0,0,0,0,7,26,0,20,0,0,0,0,16,0,0,1,0,0,0,0
OTU_796,0,0,0,0,0,0,0,0,0,0,0,0,0,0,0,0,0,0,0,0,0,0,0,0,0,0,26,0,0,0,0,0,0,0,0,0,0,0,0,0
OTU_1318,0,0,0,0,0,0,0,0,0,0,0,0,0,0,0,0,0,0,0,0,0,0,0,0,0,0,0,0,0,0,0,0,0,0,0,0,0,9,0,0
OTU_1410,0,0,0,0,0,0,0,0,0,0,0,0,0,0,1,0,3,0,0,0,0,1,1,0,0,0,0,0,0,0,0,0,0,0,0,0,0,0,0,0
OTU_933,0,0,0,0,0,0,0,0,0,0,0,0,0,0,0,0,0,0,0,0,0,0,0,0,0,0,0,0,0,0,0,0,0,0,39,0,0,0,0,0
OTU_703,0,0,0,0,0,0,0,0,0,0,0,0,0,0,0,0,0,0,0,0,0,1,0,0,0,0,0,0,0,0,32,0,0,0,0,0,0,0,0,0
OTU_693,0,0,0,0,0,0,0,0,0,0,0,0,0,0,0,0,0,0,0,0,1,0,0,0,0,0,0,0,0,0,0,0,0,0,0,0,0,1,0,35
OTU_1095,0,0,0,0,0,0,0,0,0,0,0,0,0,0,0,0,0,0,0,0,0,0,0,0,0,0,0,0,0,0,0,22,0,0,0,0,0,0,0,0
OTU_1172,0,0,0,0,0,0,0,0,0,0,0,0,0,0,0,0,0,0,2,0,0,0,0,0,0,0,0,23,0,0,0,0,0,0,0,0,1,0,0,0
OTU_755,0,0,0,0,0,0,0,0,0,0,0,0,0,0,0,0,0,0,0,0,0,0,0,0,0,0,0,0,0,1,0,37,0,0,0,0,0,34,0,0
OTU_1453,0,0,0,0,0,0,0,0,0,0,0,0,0,0,0,0,0,0,0,0,0,22,1,0,0,7,0,0,0,0,7,0,0,0,0,0,0,0,0,0
OTU_1026,0,0,0,0,0,0,0,0,0,0,0,0,0,0,3,0,4,10,0,0,0,0,0,0,0,0,0,0,0,0,0,0,0,0,0,0,0,0,0,0
OTU_1466,0,0,0,0,0,0,0,0,0,0,0,0,0,0,0,0,0,0,0,0,0,0,0,0,0,0,0,0,0,0,0,0,0,0,0,0,0,11,0,0
OTU_1551,0,0,0,0,0,0,0,0,0,0,0,0,0,0,0,0,0,0,0,0,0,0,10,0,0,0,0,0,0,0,0,0,0,0,0,0,0,0,0,0
OTU_1006,0,0,0,0,0,0,0,0,0,0,0,0,0,0,0,0,0,3,0,0,0,0,0,0,0,0,0,0,0,0,0,0,0,0,0,0,0,17,0,0
OTU_1550,0,0,0,0,0,0,0,0,0,0,0,0,0,0,1,0,6,0,0,0,0,0,1,0,0,0,0,5,0,0,1,0,0,0,0,0,0,4,0,0
OTU_895,0,0,0,0,0,0,0,0,0,0,0,0,0,0,0,0,0,0,0,0,0,15,1,0,0,0,0,0,0,0,31,0,0,0,0,0,0,0,0,0
OTU_855,0,0,0,0,0,0,0,0,0,0,0,0,0,0,0,0,0,0,0,0,0,0,0,0,0,0,0,0,1,37,0,0,0,0,0,0,0,0,0,0
OTU_1417,0,0,0,0,0,0,0,0,0,0,0,0,0,0,0,0,0,0,0,0,6,0,0,21,0,1,0,0,0,0,0,0,0,0,0,0,0,0,0,4
OTU_1549,0,0,0,0,0,0,0,0,0,0,0,0,0,0,0,0,0,0,0,0,0,0,6,0,0,0,0,0,0,0,0,0,0,0,0,0,1,0,0,0
OTU_896,0,0,0,0,0,0,0,0,0,0,0,0,0,0,0,0,0,0,0,0,0,0,0,0,0,0,0,0,0,0,0,0,16,0,0,0,0,0,0,0
OTU_1019,0,0,0,0,0,0,0,0,0,0,0,0,0,0,0,0,0,3,0,0,0,0,0,0,0,0,0,0,0,0,0,31,0,0,0,0,0,3,0,0
OTU_1491,0,0,0,0,0,0,0,0,0,0,0,0,0,0,0,0,0,0,0,0,0,0,1,0,0,2,0,0,0,0,0,3,0,0,0,0,2,6,0,0
OTU_1529,0,0,0,0,0,0,0,0,0,0,0,0,0,0,0,0,0,0,0,0,0,0,0,0,0,0,0,0,0,2,0,0,0,0,0,0,0,13,0,0
OTU_930,0,0,0,0,0,0,0,0,0,0,0,0,0,0,12,0,0,0,0,0,0,0,0,0,0,0,0,0,0,0,0,0,0,0,0,0,0,0,0,0
OTU_1048,0,0,0,0,0,0,0,0,0,0,0,0,0,0,0,0,0,0,0,0,0,0,0,0,0,0,0,0,0,0,0,0,9,0,0,0,0,0,0,0
OTU_1169,0,0,0,0,0,0,0,0,0,0,0,0,0,0,4,0,0,0,0,0,0,0,0,0,0,0,0,0,0,0,0,0,0,0,0,0,0,0,0,0
OTU_1399,0,0,0,0,0,0,0,0,0,0,0,0,0,0,0,0,0,0,0,0,0,1,0,0,0,0,2,1,0,0,17,0,0,0,0,0,1,0,0,0
OTU_1426,0,0,0,0,0,0,0,0,0,0,0,0,0,0,0,0,0,0,0,0,0,0,0,0,6,2,0,0,0,0,0,0,2,0,0,0,0,0,0,0
OTU_1428,0,0,0,0,0,0,0,0,0,0,0,0,0,0,2,0,0,0,0,0,0,0,0,0,0,0,3,0,0,0,0,0,0,0,0,0,0,0,0,9
OTU_1473,0,0,0,0,0,0,0,0,0,0,0,0,0,0,0,0,0,0,0,0,0,0,0,0,0,0,4,0,0,0,0,0,0,0,0,0,0,0,0,0
OTU_661,0,0,0,0,0,0,0,0,0,0,0,0,0,0,0,0,0,2,0,0,0,0,0,21,0,0,11,0,0,0,4,0,0,0,3,0,0,0,0,0
OTU_1069,0,0,0,0,0,0,0,0,0,0,0,0,0,0,0,0,0,0,1,0,0,0,0,0,0,0,0,0,0,0,0,0,0,0,0,0,0,11,0,0
OTU_899,0,0,0,0,0,0,0,0,0,0,0,0,0,0,0,0,2,0,0,0,0,0,0,0,0,0,0,0,0,0,18,0,0,0,0,0,0,0,0,0
OTU_1123,0,0,0,0,0,0,0,0,0,0,0,0,0,0,0,0,0,0,0,0,0,0,0,0,0,0,0,0,0,0,0,0,0,0,0,0,0,12,0,0
OTU_1225,0,0,0,0,0,0,0,0,0,0,0,0,0,0,0,0,0,0,0,0,3,8,0,0,0,0,0,0,0,0,1,0,0,0,6,0,0,0,0,0
OTU_1391,0,0,0,0,0,0,0,0,0,0,0,0,0,0,6,0,6,0,14,0,0,0,0,0,0,0,0,0,0,0,0,0,0,0,0,0,0,0,1,0
OTU_790,0,0,0,0,0,0,0,0,0,0,0,0,0,0,0,0,0,0,0,0,0,0,0,0,0,0,0,0,0,0,28,0,0,0,0,0,0,0,0,0
OTU_1132,0,0,0,0,0,0,0,0,0,0,0,0,0,0,0,0,0,0,0,0,0,0,0,0,0,0,14,0,0,0,0,0,0,0,0,0,0,0,0,0
OTU_1534,0,0,0,0,0,0,0,0,0,0,0,0,0,0,0,0,0,0,0,0,0,9,0,0,0,0,0,0,0,0,16,0,0,0,0,0,0,0,0,0
OTU_994,0,0,0,0,0,0,0,0,0,0,0,0,0,0,0,0,0,0,0,0,5,0,0,0,0,0,0,0,0,0,0,0,0,0,0,0,0,0,0,0
OTU_1464,0,0,0,0,0,0,0,0,0,0,0,0,0,0,0,0,0,0,0,0,0,2,0,0,1,0,0,0,0,0,2,0,0,0,0,0,0,0,0,0
OTU_1105,0,0,0,0,0,0,0,0,0,0,0,0,0,0,0,0,0,0,32,0,0,1,0,0,0,0,0,0,0,0,0,0,0,0,0,0,0,0,0,0
OTU_1307,0,0,0,0,0,0,0,0,0,0,0,0,0,0,0,0,0,0,1,0,0,0,0,0,0,0,0,0,0,0,9,0,0,0,0,0,0,0,0,0
OTU_1441,0,0,0,0,0,0,0,0,0,0,0,0,0,0,0,0,0,0,0,0,0,0,0,12,0,0,0,0,0,0,0,0,0,0,0,0,0,0,0,4
OTU_1020,0,0,0,0,0,0,0,0,0,0,0,0,0,0,0,0,0,0,0,0,0,0,0,0,0,0,0,0,0,14,0,0,0,0,0,0,0,0,0,0
OTU_1394,0,0,0,0,0,0,0,0,0,0,0,0,0,0,0,0,0,3,0,0,0,0,0,0,0,0,0,0,0,0,0,2,0,0,0,0,0,3,0,0
OTU_1455,0,0,0,0,0,0,0,0,0,0,0,0,0,0,0,0,0,0,3,0,0,0,0,0,0,0,0,0,0,0,0,0,0,0,0,0,0,0,0,0
OTU_1298,0,0,0,0,0,0,0,0,0,0,0,0,0,0,0,0,0,0,0,0,0,0,0,0,0,0,0,0,0,0,0,0,0,0,15,0,0,0,0,0
OTU_1249,0,0,0,0,0,0,0,0,0,0,0,0,0,0,0,0,0,0,0,0,0,1,0,0,0,0,3,0,0,0,7,0,0,0,0,0,0,0,0,0
OTU_1381,0,0,0,0,0,0,0,0,0,0,0,0,0,0,0,0,0,0,0,0,0,0,13,0,0,0,6,0,0,0,0,0,0,0,0,0,0,0,0,0
OTU_1296,0,0,0,0,0,0,0,0,0,0,0,0,0,0,0,0,0,2,2,0,0,9,0,1,0,0,0,0,0,0,7,0,0,0,0,0,0,0,0,0
OTU_1389,0,0,0,0,0,0,0,0,0,0,0,0,0,0,0,0,0,0,6,0,0,0,0,0,0,0,0,0,0,0,0,0,0,0,0,0,0,0,0,0
OTU_1073,0,0,0,0,0,0,0,0,0,0,0,0,0,0,0,0,0,0,0,0,0,0,0,0,0,0,0,0,0,0,0,0,0,0,0,0,0,4,0,0
OTU_1263,0,0,0,0,0,0,0,0,0,0,0,0,0,0,0,0,0,0,0,0,0,0,0,0,0,11,0,0,0,0,0,0,0,0,0,0,0,0,0,0
OTU_1250,0,0,0,0,0,0,0,0,0,0,0,0,0,0,0,0,0,0,0,0,0,0,0,0,0,0,0,0,0,0,0,0,0,0,0,0,0,0,23,0
OTU_1517,0,0,0,0,0,0,0,0,0,0,0,0,0,0,0,0,0,0,1,0,0,0,4,0,0,0,0,0,0,0,0,0,0,0,0,0,0,0,0,0
OTU_1036,0,0,0,0,0,0,0,0,0,0,0,0,0,0,0,0,0,0,0,0,0,0,0,0,0,13,0,1,0,0,0,0,0,0,0,0,0,0,0,0
OTU_1233,0,0,0,0,0,0,0,0,0,0,0,0,0,0,0,0,0,0,0,0,0,0,0,0,0,0,0,5,0,0,0,0,0,0,0,0,0,0,0,0
OTU_1358,0,0,0,0,0,0,0,0,0,0,0,0,0,0,0,0,0,0,6,0,0,0,4,0,0,0,0,0,0,0,0,0,0,0,0,0,0,0,0,0
OTU_1523,0,0,0,0,0,0,0,0,0,0,0,0,0,0,0,0,0,0,0,0,0,0,0,0,0,0,0,0,0,0,5,0,0,0,0,0,0,0,0,0
OTU_1162,0,0,0,0,0,0,0,0,0,0,0,0,0,0,5,0,0,0,0,0,10,0,0,0,0,0,0,0,0,0,0,0,0,0,0,0,0,0,0,0
OTU_1483,0,0,0,0,0,0,0,0,0,0,0,0,0,0,0,0,0,0,0,0,0,0,0,0,0,0,0,0,0,5,0,0,0,0,0,0,0,0,0,0
OTU_1370,0,0,0,0,0,0,0,0,0,0,0,0,0,0,0,0,0,0,0,0,0,0,0,0,0,0,0,0,0,7,0,0,0,0,0,0,0,0,0,0
OTU_1173,0,0,0,0,0,0,0,0,0,0,0,0,0,0,0,0,0,0,0,0,0,0,0,3,0,5,0,0,0,0,0,0,0,0,0,0,0,0,0,0
OTU_1482,0,0,0,0,0,0,0,0,0,0,0,0,0,0,0,0,0,0,0,0,0,0,2,0,0,1,0,0,0,0,0,3,0,0,0,0,0,0,0,0
OTU_1484,0,0,0,0,0,0,0,0,0,0,0,0,0,0,0,0,0,5,0,0,0,0,0,0,0,0,0,0,0,0,0,0,0,0,0,0,0,0,0,0
OTU_1244,0,0,0,0,0,0,0,0,0,0,0,0,0,0,0,0,0,0,0,0,0,0,0,0,0,0,0,0,0,0,0,0,0,0,0,0,0,0,0,2
OTU_1548,0,0,0,0,0,0,0,0,0,0,0,0,0,0,0,0,0,0,0,0,0,0,0,0,0,0,0,0,0,0,9,0,0,0,0,0,0,0,0,0
OTU_1461,0,0,0,0,0,0,0,0,0,0,0,0,0,0,0,0,0,3,0,0,0,0,0,0,0,0,0,0,0,1,0,0,0,0,0,0,0,0,0,0
OTU_1531,0,0,0,0,0,0,0,0,0,0,0,0,0,0,0,0,0,0,0,0,0,0,0,0,0,0,0,0,0,2,0,3,0,0,0,0,0,0,0,0
OTU_846,0,0,0,0,0,0,0,0,0,0,0,0,0,0,0,0,0,0,0,0,1,0,0,2,0,0,0,0,0,0,0,0,0,0,0,0,0,0,0,13
OTU_1427,0,0,0,0,0,0,0,0,0,0,0,0,0,0,0,0,0,0,0,0,0,3,0,0,0,0,0,0,0,0,0,0,0,0,0,0,0,0,0,0
OTU_1221,0,0,0,0,0,0,0,0,0,0,0,0,0,0,0,0,0,0,0,0,0,0,0,0,0,8,0,0,0,0,0,0,0,0,0,0,0,0,0,0
OTU_1352,0,0,0,0,0,0,0,0,0,0,0,0,0,0,0,0,0,0,0,0,0,0,2,0,0,0,3,0,0,0,0,0,0,0,0,0,0,0,0,0
OTU_1474,0,0,0,0,0,0,0,0,0,0,0,0,0,0,0,0,0,0,3,0,0,0,0,0,0,0,0,0,0,0,0,0,0,0,0,0,0,0,0,0
OTU_1537,0,0,0,0,0,0,0,0,0,0,0,0,0,0,0,0,0,0,0,0,0,3,0,0,0,0,0,0,0,0,0,0,0,0,0,0,0,0,0,0
OTU_1153,0,0,0,0,0,0,0,0,0,0,0,0,0,0,0,0,0,0,0,0,0,0,0,0,0,0,0,0,0,0,0,0,0,0,0,0,0,0,7,0
OTU_1378,0,0,0,0,0,0,0,0,0,0,0,0,0,0,0,0,0,0,0,0,0,0,4,0,0,0,0,0,0,0,0,0,0,0,0,0,0,0,0,0
OTU_1468,0,0,0,0,0,0,0,0,0,0,0,0,0,0,0,0,0,0,0,0,0,0,1,0,0,0,2,0,0,0,0,0,0,0,0,0,0,0,0,0
OTU_1256,0,0,0,0,0,0,0,0,0,0,0,0,0,0,0,0,0,0,0,0,0,0,0,0,0,3,0,0,0,0,0,0,0,0,0,0,0,0,0,0
